building_id;load_condition;mean_ec;shape_factor;temperature_correlation
Bear_education_Alfredo;Summer workdays;4.06;0.64;Non-thermal sensitive
Bear_education_Alfredo;Winter workdays;5.4;0.63;Non-thermal sensitive
Bear_education_Alvaro;Summer workdays;10223.94;0.81;Thermal sensitive
Bear_education_Alvaro;Winter workdays;9507.19;0.82;Thermal sensitive
Bear_education_Arnold;Summer workdays;12.34;1.18;Non-thermal sensitive
Bear_education_Arnold;Winter workdays;13.92;1.04;Non-thermal sensitive
Bear_education_Augusta;Summer workdays;3240.24;0.49;Non-thermal sensitive
Bear_education_Augusta;Winter workdays;3315.7;0.48;Non-thermal sensitive
Bear_education_Austin;Summer workdays;585.1;0.32;Non-thermal sensitive
Bear_education_Austin;Winter workdays;624.77;0.34;Thermal sensitive
Bear_education_Babara;Summer workdays;9374.68;0.91;Thermal sensitive
Bear_education_Babara;Winter workdays;8769.35;0.92;Non-thermal sensitive
Bear_education_Benita;Summer workdays;13997.46;0.9;Thermal sensitive
Bear_education_Benita;Winter workdays;12824.54;0.92;Non-thermal sensitive
Bear_education_Benjamin;Summer workdays;25.44;0.87;Non-thermal sensitive
Bear_education_Benjamin;Winter workdays;28.9;0.88;Non-thermal sensitive
Bear_education_Bob;Summer workdays;3475.22;0.57;Non-thermal sensitive
Bear_education_Bob;Winter workdays;3716.62;0.54;Non-thermal sensitive
Bear_education_Bonita;Summer workdays;4.45;0.66;Non-thermal sensitive
Bear_education_Bonita;Winter workdays;5.08;0.68;Non-thermal sensitive
Bear_education_Bulah;Summer workdays;34090.63;0.89;Thermal sensitive
Bear_education_Bulah;Winter workdays;32075.86;0.89;Thermal sensitive
Bear_education_Carlo;Summer workdays;104.54;0.35;Non-thermal sensitive
Bear_education_Carlo;Winter workdays;121.89;0.38;Thermal sensitive
Bear_education_Chad;Summer workdays;27125.7;0.83;Thermal sensitive
Bear_education_Chad;Winter workdays;24712.35;0.85;Thermal sensitive
Bear_education_Chana;Summer workdays;525.35;0.75;Non-thermal sensitive
Bear_education_Chana;Winter workdays;567.93;0.7;Non-thermal sensitive
Bear_education_Chun;Summer workdays;3050.65;0.75;Non-thermal sensitive
Bear_education_Chun;Winter workdays;2264.93;0.68;Non-thermal sensitive
Bear_education_Clint;Summer workdays;1363.71;0.74;Non-thermal sensitive
Bear_education_Clint;Winter workdays;1409.5;0.76;Non-thermal sensitive
Bear_education_Curtis;Summer workdays;1738.55;0.78;Thermal sensitive
Bear_education_Curtis;Winter workdays;1701.82;0.78;Non-thermal sensitive
Bear_education_Danna;Summer workdays;3093.56;0.67;Thermal sensitive
Bear_education_Danna;Winter workdays;3117.76;0.61;Thermal sensitive
Bear_education_Darrell;Summer workdays;1061.09;0.36;Non-thermal sensitive
Bear_education_Darrell;Winter workdays;1074.19;0.35;Non-thermal sensitive
Bear_education_Deena;Summer workdays;222.51;0.66;Non-thermal sensitive
Bear_education_Deena;Winter workdays;223.36;0.62;Non-thermal sensitive
Bear_education_Derek;Summer workdays;4654.71;0.85;Thermal sensitive
Bear_education_Derek;Winter workdays;4551.68;0.86;Thermal sensitive
Bear_education_Destiny;Summer workdays;2980.46;0.51;Non-thermal sensitive
Bear_education_Destiny;Winter workdays;2826.35;0.56;Non-thermal sensitive
Bear_education_Elise;Summer workdays;3488.89;0.59;Non-thermal sensitive
Bear_education_Elise;Winter workdays;3671.81;0.62;Non-thermal sensitive
Bear_education_Fannie;Summer workdays;10754.33;0.89;Thermal sensitive
Bear_education_Fannie;Winter workdays;10184.77;0.93;Non-thermal sensitive
Bear_education_Gavin;Summer workdays;2317.28;0.88;Non-thermal sensitive
Bear_education_Gavin;Winter workdays;2208.75;0.88;Thermal sensitive
Bear_education_Herb;Summer workdays;309.59;0.57;Non-thermal sensitive
Bear_education_Herb;Winter workdays;359.58;0.6;Non-thermal sensitive
Bear_education_Herman;Summer workdays;7.13;0.61;Non-thermal sensitive
Bear_education_Herman;Winter workdays;7.61;0.64;Non-thermal sensitive
Bear_education_Holly;Summer workdays;28.92;0.88;Non-thermal sensitive
Bear_education_Holly;Winter workdays;32.26;0.82;Non-thermal sensitive
Bear_education_Irene;Summer workdays;2063.77;0.99;Non-thermal sensitive
Bear_education_Irene;Winter workdays;2125.25;0.97;Non-thermal sensitive
Bear_education_Iris;Summer workdays;1252.63;0.6;Non-thermal sensitive
Bear_education_Iris;Winter workdays;1418.17;0.56;Non-thermal sensitive
Bear_education_Katy;Summer workdays;3630.41;0.59;Thermal sensitive
Bear_education_Katy;Winter workdays;3072.38;0.63;Thermal sensitive
Bear_education_Lashanda;Summer workdays;2085.06;0.52;Non-thermal sensitive
Bear_education_Lashanda;Winter workdays;2139.73;0.46;Non-thermal sensitive
Bear_education_Laurette;Summer workdays;1229.52;0.9;Non-thermal sensitive
Bear_education_Laurette;Winter workdays;1255.07;0.88;Non-thermal sensitive
Bear_education_Leonel;Summer workdays;3606.98;0.28;Thermal sensitive
Bear_education_Leonel;Winter workdays;3295.48;0.28;Thermal sensitive
Bear_education_Lewis;Summer workdays;620.4;0.53;Non-thermal sensitive
Bear_education_Lewis;Winter workdays;646.48;0.51;Non-thermal sensitive
Bear_education_Lidia;Summer workdays;313.32;0.56;Non-thermal sensitive
Bear_education_Lidia;Winter workdays;345.91;0.51;Non-thermal sensitive
Bear_education_Lila;Summer workdays;5277.99;0.73;Non-thermal sensitive
Bear_education_Lila;Winter workdays;5201.07;0.69;Non-thermal sensitive
Bear_education_Liliana;Summer workdays;11532.94;0.81;Non-thermal sensitive
Bear_education_Liliana;Winter workdays;11549.01;0.82;Thermal sensitive
Bear_education_Lorie;Summer workdays;10190.21;0.82;Thermal sensitive
Bear_education_Lorie;Winter workdays;9798.01;0.82;Thermal sensitive
Bear_education_Mara;Summer workdays;12089.44;0.92;Non-thermal sensitive
Bear_education_Mara;Winter workdays;12190.35;0.91;Non-thermal sensitive
Bear_education_Marie;Summer workdays;639.06;0.47;Non-thermal sensitive
Bear_education_Marie;Winter workdays;695;0.46;Non-thermal sensitive
Bear_education_Marsha;Summer workdays;2246.32;0.68;Non-thermal sensitive
Bear_education_Marsha;Winter workdays;2275.36;0.66;Non-thermal sensitive
Bear_education_Marta;Summer workdays;1088.89;0.42;Non-thermal sensitive
Bear_education_Marta;Winter workdays;1206.57;0.42;Non-thermal sensitive
Bear_education_Maryjane;Summer workdays;8573.4;0.78;Thermal sensitive
Bear_education_Maryjane;Winter workdays;7701.34;0.82;Thermal sensitive
Bear_education_Merrill;Summer workdays;600.06;0.51;Thermal sensitive
Bear_education_Merrill;Winter workdays;540.55;0.63;Non-thermal sensitive
Bear_education_Millie;Summer workdays;76.39;1.07;Non-thermal sensitive
Bear_education_Millie;Winter workdays;88.59;0.97;Non-thermal sensitive
Bear_education_Nanette;Summer workdays;2839.42;0.6;Non-thermal sensitive
Bear_education_Nanette;Winter workdays;2751.98;0.67;Non-thermal sensitive
Bear_education_Oscar;Summer workdays;287.42;0.56;Non-thermal sensitive
Bear_education_Oscar;Winter workdays;281.06;0.62;Non-thermal sensitive
Bear_education_Owen;Summer workdays;3757.57;0.51;Non-thermal sensitive
Bear_education_Owen;Winter workdays;3919.61;0.51;Non-thermal sensitive
Bear_education_Paola;Summer workdays;4407.55;0.55;Non-thermal sensitive
Bear_education_Paola;Winter workdays;4106.61;0.56;Thermal sensitive
Bear_education_Patricia;Summer workdays;15901.41;0.85;Thermal sensitive
Bear_education_Patricia;Winter workdays;15636.52;0.87;Thermal sensitive
Bear_education_Pattie;Summer workdays;4791.31;0.85;Thermal sensitive
Bear_education_Pattie;Winter workdays;4661.81;0.87;Non-thermal sensitive
Bear_education_Rebecca;Summer workdays;17899.18;0.86;Non-thermal sensitive
Bear_education_Rebecca;Winter workdays;18690.63;0.86;Thermal sensitive
Bear_education_Sandy;Summer workdays;172.08;0.84;Non-thermal sensitive
Bear_education_Sandy;Winter workdays;177.94;0.81;Non-thermal sensitive
Bear_education_Sharon;Summer workdays;2696.37;0.82;Non-thermal sensitive
Bear_education_Sharon;Winter workdays;2877.69;0.8;Non-thermal sensitive
Bear_education_Tara;Summer workdays;71.86;0.59;Non-thermal sensitive
Bear_education_Tara;Winter workdays;93.39;0.58;Thermal sensitive
Bear_education_Thuy;Summer workdays;5852.33;0.56;Non-thermal sensitive
Bear_education_Thuy;Winter workdays;6191.46;0.54;Non-thermal sensitive
Bear_education_Val;Summer workdays;9059.97;0.84;Thermal sensitive
Bear_education_Val;Winter workdays;9287.76;0.81;Non-thermal sensitive
Bear_education_Wilton;Summer workdays;39146.9;0.87;Thermal sensitive
Bear_education_Wilton;Winter workdays;38576.25;0.88;Non-thermal sensitive
Bear_education_Wm;Summer workdays;1262.99;0.7;Non-thermal sensitive
Bear_education_Wm;Winter workdays;1347.2;0.66;Non-thermal sensitive
Bear_education_Yuri;Summer workdays;494.46;0.29;Non-thermal sensitive
Bear_education_Yuri;Winter workdays;555.03;0.29;Non-thermal sensitive
Bear_education_Yvette;Summer workdays;289.21;0.57;Non-thermal sensitive
Bear_education_Yvette;Winter workdays;324;0.52;Thermal sensitive
Bear_education_Zandra;Summer workdays;23581.86;0.93;Non-thermal sensitive
Bear_education_Zandra;Winter workdays;23522.69;0.93;Non-thermal sensitive
Bull_education_Annette;Summer workdays;3184.85;0.88;Thermal sensitive
Bull_education_Annette;Winter workdays;3071.69;0.89;Non-thermal sensitive
Bull_education_Antonia;Summer workdays;11837.19;0.92;Non-thermal sensitive
Bull_education_Antonia;Winter workdays;10977.81;0.87;Non-thermal sensitive
Bull_education_Arthur;Summer workdays;9889.16;0.86;Non-thermal sensitive
Bull_education_Arthur;Winter workdays;9838.52;0.86;Non-thermal sensitive
Bull_education_Barry;Summer workdays;24615.36;0.93;Non-thermal sensitive
Bull_education_Barry;Winter workdays;24380.43;0.93;Non-thermal sensitive
Bull_education_Brady;Summer workdays;843.07;0.52;Thermal sensitive
Bull_education_Brady;Winter workdays;947.29;0.47;Non-thermal sensitive
Bull_education_Brain;Summer workdays;8644.5;0.85;Non-thermal sensitive
Bull_education_Brain;Winter workdays;8977.57;0.84;Non-thermal sensitive
Bull_education_Brandi;Summer workdays;767.96;0.6;Non-thermal sensitive
Bull_education_Brandi;Winter workdays;802.18;0.57;Non-thermal sensitive
Bull_education_Brenda;Summer workdays;3539.29;0.85;Thermal sensitive
Bull_education_Brenda;Winter workdays;3704.01;0.82;Thermal sensitive
Bull_education_Bryon;Summer workdays;876.77;0.64;Thermal sensitive
Bull_education_Bryon;Winter workdays;947.45;0.63;Non-thermal sensitive
Bull_education_Carl;Summer workdays;15849.18;0.91;Non-thermal sensitive
Bull_education_Carl;Winter workdays;15380.93;0.9;Non-thermal sensitive
Bull_education_Clarice;Summer workdays;877.55;0.82;Non-thermal sensitive
Bull_education_Clarice;Winter workdays;788.4;0.89;Non-thermal sensitive
Bull_education_Clarita;Summer workdays;8500.34;0.84;Non-thermal sensitive
Bull_education_Clarita;Winter workdays;8716.38;0.83;Non-thermal sensitive
Bull_education_Dakota;Summer workdays;1510.38;0.55;Non-thermal sensitive
Bull_education_Dakota;Winter workdays;1490.99;0.52;Thermal sensitive
Bull_education_Dan;Summer workdays;4257.67;0.84;Non-thermal sensitive
Bull_education_Dan;Winter workdays;4496.82;0.82;Non-thermal sensitive
Bull_education_Dania;Summer workdays;977.29;0.83;Non-thermal sensitive
Bull_education_Dania;Winter workdays;1001.77;0.76;Non-thermal sensitive
Bull_education_Delia;Summer workdays;20503.48;0.88;Non-thermal sensitive
Bull_education_Delia;Winter workdays;20871.63;0.87;Non-thermal sensitive
Bull_education_Dora;Summer workdays;2966.33;0.64;Non-thermal sensitive
Bull_education_Dora;Winter workdays;3198.19;0.6;Non-thermal sensitive
Bull_education_Dottie;Summer workdays;31390.68;0.92;Non-thermal sensitive
Bull_education_Dottie;Winter workdays;28882.64;0.9;Non-thermal sensitive
Bull_education_Elva;Summer workdays;1444.53;0.81;Non-thermal sensitive
Bull_education_Elva;Winter workdays;1438.09;0.8;Non-thermal sensitive
Bull_education_Fabiola;Summer workdays;4779.02;0.7;Non-thermal sensitive
Bull_education_Fabiola;Winter workdays;4906.36;0.67;Non-thermal sensitive
Bull_education_Geneva;Summer workdays;903.68;0.72;Non-thermal sensitive
Bull_education_Geneva;Winter workdays;717.82;0.65;Non-thermal sensitive
Bull_education_Genie;Summer workdays;3084.52;0.67;Non-thermal sensitive
Bull_education_Genie;Winter workdays;3294.46;0.64;Non-thermal sensitive
Bull_education_Gregory;Summer workdays;2042.22;0.67;Thermal sensitive
Bull_education_Gregory;Winter workdays;1819.8;0.66;Non-thermal sensitive
Bull_education_Hayley;Summer workdays;4271.71;0.86;Thermal sensitive
Bull_education_Hayley;Winter workdays;4232.72;0.85;Non-thermal sensitive
Bull_education_Jae;Summer workdays;13021.84;0.91;Non-thermal sensitive
Bull_education_Jae;Winter workdays;12523.17;0.91;Non-thermal sensitive
Bull_education_Jeffery;Summer workdays;13830.05;1;Non-thermal sensitive
Bull_education_Jeffery;Winter workdays;13395.15;1;Non-thermal sensitive
Bull_education_Joseph;Summer workdays;2946.66;0.64;Non-thermal sensitive
Bull_education_Joseph;Winter workdays;3236.98;0.59;Non-thermal sensitive
Bull_education_Juan;Summer workdays;6121.71;0.65;Non-thermal sensitive
Bull_education_Juan;Winter workdays;5597.2;0.65;Non-thermal sensitive
Bull_education_Kendra;Summer workdays;11695.94;0.7;Thermal sensitive
Bull_education_Kendra;Winter workdays;12833.29;0.71;Non-thermal sensitive
Bull_education_Krista;Summer workdays;6557.09;0.66;Thermal sensitive
Bull_education_Krista;Winter workdays;6989.26;0.67;Non-thermal sensitive
Bull_education_Kristal;Summer workdays;9911.87;0.86;Non-thermal sensitive
Bull_education_Kristal;Winter workdays;9994.95;0.86;Non-thermal sensitive
Bull_education_Lenny;Summer workdays;874.89;0.81;Thermal sensitive
Bull_education_Lenny;Winter workdays;885.46;0.8;Non-thermal sensitive
Bull_education_Linnie;Summer workdays;4991.07;0.66;Non-thermal sensitive
Bull_education_Linnie;Winter workdays;5529.39;0.64;Thermal sensitive
Bull_education_Luke;Summer workdays;7255.57;0.74;Thermal sensitive
Bull_education_Luke;Winter workdays;8098.35;0.71;Non-thermal sensitive
Bull_education_Lydia;Summer workdays;3163.95;0.8;Non-thermal sensitive
Bull_education_Lydia;Winter workdays;2812.98;0.78;Non-thermal sensitive
Bull_education_Lyn;Summer workdays;657.84;0.83;Non-thermal sensitive
Bull_education_Lyn;Winter workdays;641.73;0.81;Non-thermal sensitive
Bull_education_Magaret;Summer workdays;1845.04;0.67;Non-thermal sensitive
Bull_education_Magaret;Winter workdays;2053.63;0.69;Non-thermal sensitive
Bull_education_Mario;Summer workdays;2554.37;0.56;Thermal sensitive
Bull_education_Mario;Winter workdays;2850.23;0.57;Non-thermal sensitive
Bull_education_Matilda;Summer workdays;1964.93;0.81;Non-thermal sensitive
Bull_education_Matilda;Winter workdays;2432.59;0.85;Thermal sensitive
Bull_education_Mervin;Summer workdays;4361.26;0.83;Non-thermal sensitive
Bull_education_Mervin;Winter workdays;4719.25;0.8;Non-thermal sensitive
Bull_education_Miquel;Summer workdays;6414.12;0.72;Thermal sensitive
Bull_education_Miquel;Winter workdays;6585.79;0.68;Non-thermal sensitive
Bull_education_Miranda;Summer workdays;3961.91;0.85;Non-thermal sensitive
Bull_education_Miranda;Winter workdays;4033.79;0.84;Non-thermal sensitive
Bull_education_Myra;Summer workdays;1166.93;0.72;Non-thermal sensitive
Bull_education_Myra;Winter workdays;1333.29;0.64;Non-thermal sensitive
Bull_education_Nichole;Summer workdays;5151.17;0.71;Thermal sensitive
Bull_education_Nichole;Winter workdays;5388.45;0.73;Non-thermal sensitive
Bull_education_Nina;Summer workdays;6429.01;0.85;Non-thermal sensitive
Bull_education_Nina;Winter workdays;6239.91;0.83;Non-thermal sensitive
Bull_education_Nolan;Summer workdays;1652.73;0.77;Thermal sensitive
Bull_education_Nolan;Winter workdays;1709.09;0.74;Non-thermal sensitive
Bull_education_Olive;Summer workdays;2148.23;0.57;Thermal sensitive
Bull_education_Olive;Winter workdays;1780.58;0.63;Non-thermal sensitive
Bull_education_Pablo;Summer workdays;1012.52;0.61;Non-thermal sensitive
Bull_education_Pablo;Winter workdays;1063.93;0.58;Non-thermal sensitive
Bull_education_Pamela;Summer workdays;4567.47;0.76;Non-thermal sensitive
Bull_education_Pamela;Winter workdays;4571.88;0.73;Thermal sensitive
Bull_education_Patrina;Summer workdays;454.91;0.69;Non-thermal sensitive
Bull_education_Patrina;Winter workdays;491.93;0.66;Non-thermal sensitive
Bull_education_Racheal;Summer workdays;14619.05;0.77;Non-thermal sensitive
Bull_education_Racheal;Winter workdays;14639.52;0.76;Non-thermal sensitive
Bull_education_Reina;Summer workdays;2214.67;0.73;Non-thermal sensitive
Bull_education_Reina;Winter workdays;2133.6;0.73;Thermal sensitive
Bull_education_Reynaldo;Summer workdays;827.2;0.69;Non-thermal sensitive
Bull_education_Reynaldo;Winter workdays;894.95;0.72;Non-thermal sensitive
Bull_education_Roland;Summer workdays;6112.78;0.67;Non-thermal sensitive
Bull_education_Roland;Winter workdays;5720.1;0.69;Non-thermal sensitive
Bull_education_Roseann;Summer workdays;6291.37;0.87;Non-thermal sensitive
Bull_education_Roseann;Winter workdays;6033.37;0.85;Non-thermal sensitive
Bull_education_Sebastian;Summer workdays;980.71;0.61;Non-thermal sensitive
Bull_education_Sebastian;Winter workdays;1037.72;0.58;Non-thermal sensitive
Bull_education_Shona;Summer workdays;4626.21;0.99;Thermal sensitive
Bull_education_Shona;Winter workdays;4550.35;0.99;Non-thermal sensitive
Bull_education_Stewart;Summer workdays;3102.43;0.84;Non-thermal sensitive
Bull_education_Stewart;Winter workdays;2903.77;0.83;Non-thermal sensitive
Bull_education_Summer;Summer workdays;809.13;0.78;Non-thermal sensitive
Bull_education_Summer;Winter workdays;816.35;0.71;Non-thermal sensitive
Bull_education_Tracey;Summer workdays;4733.7;0.67;Thermal sensitive
Bull_education_Tracey;Winter workdays;5107.52;0.66;Non-thermal sensitive
Bull_education_Venita;Summer workdays;976.02;0.76;Non-thermal sensitive
Bull_education_Venita;Winter workdays;955.22;0.71;Non-thermal sensitive
Bull_education_Violeta;Summer workdays;2705.14;0.64;Non-thermal sensitive
Bull_education_Violeta;Winter workdays;2781.97;0.63;Non-thermal sensitive
Cockatoo_education_Amira;Summer workdays;1404.89;0.88;Non-thermal sensitive
Cockatoo_education_Amira;Winter workdays;1011.65;0.87;Non-thermal sensitive
Cockatoo_education_Arlen;Summer workdays;137.5;1.68;Non-thermal sensitive
Cockatoo_education_Arlen;Winter workdays;189.06;1.34;Non-thermal sensitive
Cockatoo_education_Brendan;Summer workdays;1614.96;0.75;Non-thermal sensitive
Cockatoo_education_Brendan;Winter workdays;1709.58;0.75;Non-thermal sensitive
Cockatoo_education_Brigitte;Summer workdays;17681.3;0.75;Non-thermal sensitive
Cockatoo_education_Brigitte;Winter workdays;18026.94;0.76;Non-thermal sensitive
Cockatoo_education_Charity;Summer workdays;6256.13;0.87;Non-thermal sensitive
Cockatoo_education_Charity;Winter workdays;6540.74;0.88;Non-thermal sensitive
Cockatoo_education_Claudine;Summer workdays;1766.65;0.86;Non-thermal sensitive
Cockatoo_education_Claudine;Winter workdays;1896.92;0.86;Non-thermal sensitive
Cockatoo_education_Clifton;Summer workdays;32.15;0.87;Non-thermal sensitive
Cockatoo_education_Clifton;Winter workdays;33.31;0.88;Non-thermal sensitive
Cockatoo_education_Collin;Summer workdays;6267.17;0.72;Non-thermal sensitive
Cockatoo_education_Collin;Winter workdays;6748.97;0.73;Non-thermal sensitive
Cockatoo_education_Deloris;Summer workdays;139.89;0.74;Non-thermal sensitive
Cockatoo_education_Deloris;Winter workdays;140.82;0.74;Non-thermal sensitive
Cockatoo_education_Doreen;Summer workdays;2313.18;0.81;Non-thermal sensitive
Cockatoo_education_Doreen;Winter workdays;2313.96;0.79;Non-thermal sensitive
Cockatoo_education_Erik;Summer workdays;4327.49;0.81;Thermal sensitive
Cockatoo_education_Erik;Winter workdays;3949.37;0.83;Non-thermal sensitive
Cockatoo_education_Eunice;Summer workdays;9796.42;0.64;Non-thermal sensitive
Cockatoo_education_Eunice;Winter workdays;10339.79;0.7;Non-thermal sensitive
Cockatoo_education_Flora;Summer workdays;21200.76;0.96;Non-thermal sensitive
Cockatoo_education_Flora;Winter workdays;20664.55;0.96;Non-thermal sensitive
Cockatoo_education_Gussie;Summer workdays;2264.15;0.66;Non-thermal sensitive
Cockatoo_education_Gussie;Winter workdays;2302.39;0.67;Non-thermal sensitive
Cockatoo_education_Helene;Summer workdays;2505.93;0.85;Non-thermal sensitive
Cockatoo_education_Helene;Winter workdays;2829.75;0.84;Non-thermal sensitive
Cockatoo_education_Jack;Summer workdays;180.82;0.6;Non-thermal sensitive
Cockatoo_education_Jack;Winter workdays;190.24;0.59;Non-thermal sensitive
Cockatoo_education_Janet;Summer workdays;25658.65;0.83;Thermal sensitive
Cockatoo_education_Janet;Winter workdays;23341.31;0.83;Non-thermal sensitive
Cockatoo_education_Joeann;Summer workdays;4347.2;0.56;Non-thermal sensitive
Cockatoo_education_Joeann;Winter workdays;4529.25;0.57;Non-thermal sensitive
Cockatoo_education_Joel;Summer workdays;391.43;0.81;Thermal sensitive
Cockatoo_education_Joel;Winter workdays;365.36;0.79;Non-thermal sensitive
Cockatoo_education_Jon;Summer workdays;2462.83;0.78;Non-thermal sensitive
Cockatoo_education_Jon;Winter workdays;2993.53;0.68;Non-thermal sensitive
Cockatoo_education_Julia;Summer workdays;819.03;0.82;Non-thermal sensitive
Cockatoo_education_Julia;Winter workdays;880.88;0.79;Non-thermal sensitive
Cockatoo_education_Julio;Summer workdays;3941.87;0.98;Thermal sensitive
Cockatoo_education_Julio;Winter workdays;4470.34;0.92;Non-thermal sensitive
Cockatoo_education_June;Summer workdays;2647.03;0.77;Non-thermal sensitive
Cockatoo_education_June;Winter workdays;2528.6;0.76;Non-thermal sensitive
Cockatoo_education_Laurence;Summer workdays;1761.75;0.74;Non-thermal sensitive
Cockatoo_education_Laurence;Winter workdays;2050.36;0.7;Non-thermal sensitive
Cockatoo_education_Lionel;Summer workdays;7815.41;0.85;Non-thermal sensitive
Cockatoo_education_Lionel;Winter workdays;8544.23;0.85;Non-thermal sensitive
Cockatoo_education_Magdalena;Summer workdays;255.68;0.75;Non-thermal sensitive
Cockatoo_education_Magdalena;Winter workdays;280.61;1.14;Non-thermal sensitive
Cockatoo_education_Marva;Summer workdays;5430.12;0.76;Non-thermal sensitive
Cockatoo_education_Marva;Winter workdays;5523.41;0.77;Non-thermal sensitive
Cockatoo_education_Maynard;Summer workdays;503.06;0.91;Non-thermal sensitive
Cockatoo_education_Maynard;Winter workdays;559.99;0.8;Non-thermal sensitive
Cockatoo_education_Mayra;Summer workdays;1588.89;0.63;Non-thermal sensitive
Cockatoo_education_Mayra;Winter workdays;1976.17;0.72;Thermal sensitive
Cockatoo_education_Melanie;Summer workdays;406.03;0.65;Non-thermal sensitive
Cockatoo_education_Melanie;Winter workdays;527.84;0.67;Non-thermal sensitive
Cockatoo_education_Minh;Summer workdays;1119.49;0.9;Non-thermal sensitive
Cockatoo_education_Minh;Winter workdays;1103.42;0.92;Non-thermal sensitive
Cockatoo_education_Nelda;Summer workdays;2716.25;0.84;Non-thermal sensitive
Cockatoo_education_Nelda;Winter workdays;2961.52;0.87;Non-thermal sensitive
Cockatoo_education_Oliver;Summer workdays;4349.68;0.78;Non-thermal sensitive
Cockatoo_education_Oliver;Winter workdays;4068.12;0.77;Non-thermal sensitive
Cockatoo_education_Orlando;Summer workdays;5706.75;0.77;Non-thermal sensitive
Cockatoo_education_Orlando;Winter workdays;6082.78;0.71;Non-thermal sensitive
Cockatoo_education_Rita;Summer workdays;341.52;0.6;Non-thermal sensitive
Cockatoo_education_Rita;Winter workdays;365.54;0.56;Non-thermal sensitive
Cockatoo_education_Shawn;Summer workdays;2992.81;0.77;Non-thermal sensitive
Cockatoo_education_Shawn;Winter workdays;3245.86;0.81;Non-thermal sensitive
Cockatoo_education_Sheryl;Summer workdays;859.91;1.1;Non-thermal sensitive
Cockatoo_education_Sheryl;Winter workdays;1016.88;1.05;Non-thermal sensitive
Cockatoo_education_Terrence;Summer workdays;10905.87;0.87;Non-thermal sensitive
Cockatoo_education_Terrence;Winter workdays;11313.73;0.84;Non-thermal sensitive
Cockatoo_education_Tyler;Summer workdays;18338.02;0.91;Non-thermal sensitive
Cockatoo_education_Tyler;Winter workdays;18422.22;0.91;Non-thermal sensitive
Fox_education_Andre;Summer workdays;11626.3;0.84;Non-thermal sensitive
Fox_education_Andre;Winter workdays;11468.27;0.85;Non-thermal sensitive
Fox_education_Ashli;Summer workdays;533.31;0.95;Non-thermal sensitive
Fox_education_Ashli;Winter workdays;509.85;0.81;Non-thermal sensitive
Fox_education_Burton;Summer workdays;1151.4;0.98;Non-thermal sensitive
Fox_education_Burton;Winter workdays;1188.08;0.93;Non-thermal sensitive
Fox_education_Carleen;Summer workdays;3535.68;0.73;Non-thermal sensitive
Fox_education_Carleen;Winter workdays;2280.88;0.65;Thermal sensitive
Fox_education_Charles;Summer workdays;498.51;0.78;Thermal sensitive
Fox_education_Charles;Winter workdays;299.4;0.81;Thermal sensitive
Fox_education_Claire;Summer workdays;1479.71;0.55;Non-thermal sensitive
Fox_education_Claire;Winter workdays;1670.55;0.59;Non-thermal sensitive
Fox_education_Claude;Summer workdays;23498.01;0.96;Non-thermal sensitive
Fox_education_Claude;Winter workdays;23966.51;0.96;Non-thermal sensitive
Fox_education_Cynthia;Summer workdays;5229.73;0.95;Non-thermal sensitive
Fox_education_Cynthia;Winter workdays;5748.7;0.96;Thermal sensitive
Fox_education_Delma;Summer workdays;2269.03;0.1;Non-thermal sensitive
Fox_education_Delma;Winter workdays;1577.37;0.26;Non-thermal sensitive
Fox_education_Dewayne;Summer workdays;2171.06;0.59;Non-thermal sensitive
Fox_education_Dewayne;Winter workdays;1937.39;0.55;Non-thermal sensitive
Fox_education_Dominique;Summer workdays;4547.31;0.8;Non-thermal sensitive
Fox_education_Dominique;Winter workdays;4500.56;0.82;Non-thermal sensitive
Fox_education_Eddy;Summer workdays;6806.19;0.94;Thermal sensitive
Fox_education_Eddy;Winter workdays;7979.11;0.92;Non-thermal sensitive
Fox_education_Eldon;Summer workdays;4982.39;0.94;Non-thermal sensitive
Fox_education_Eldon;Winter workdays;4814.58;0.95;Non-thermal sensitive
Fox_education_Elois;Summer workdays;288.39;0.74;Non-thermal sensitive
Fox_education_Elois;Winter workdays;292.69;0.77;Non-thermal sensitive
Fox_education_Elvira;Summer workdays;4110.27;0.62;Non-thermal sensitive
Fox_education_Elvira;Winter workdays;4758.6;0.64;Thermal sensitive
Fox_education_Etta;Summer workdays;5800.04;0.87;Thermal sensitive
Fox_education_Etta;Winter workdays;3931.4;0.92;Non-thermal sensitive
Fox_education_Geoffrey;Summer workdays;2826.96;0.87;Non-thermal sensitive
Fox_education_Geoffrey;Winter workdays;2929.48;0.86;Non-thermal sensitive
Fox_education_Gloria;Summer workdays;15746.89;0.93;Non-thermal sensitive
Fox_education_Gloria;Winter workdays;15793.54;0.95;Non-thermal sensitive
Fox_education_Henrietta;Summer workdays;1161.71;0.82;Non-thermal sensitive
Fox_education_Henrietta;Winter workdays;884.42;0.84;Thermal sensitive
Fox_education_Heriberto;Summer workdays;925.77;0.58;Non-thermal sensitive
Fox_education_Heriberto;Winter workdays;867.97;0.59;Non-thermal sensitive
Fox_education_Jaclyn;Summer workdays;4673.63;0.92;Non-thermal sensitive
Fox_education_Jaclyn;Winter workdays;4694.27;0.94;Non-thermal sensitive
Fox_education_Janina;Summer workdays;2986.48;0.77;Non-thermal sensitive
Fox_education_Janina;Winter workdays;3335.17;0.79;Non-thermal sensitive
Fox_education_John;Summer workdays;1702.88;0.51;Thermal sensitive
Fox_education_John;Winter workdays;1362.34;0.54;Non-thermal sensitive
Fox_education_Kendrick;Summer workdays;378.53;0.63;Non-thermal sensitive
Fox_education_Kendrick;Winter workdays;400.53;0.72;Non-thermal sensitive
Fox_education_Kim;Summer workdays;1444.01;0.68;Non-thermal sensitive
Fox_education_Kim;Winter workdays;1532.05;0.7;Non-thermal sensitive
Fox_education_Kris;Summer workdays;3516.21;0.51;Thermal sensitive
Fox_education_Kris;Winter workdays;2336.22;0.55;Thermal sensitive
Fox_education_Leona;Summer workdays;7123.63;0.71;Non-thermal sensitive
Fox_education_Leona;Winter workdays;7051.87;0.71;Non-thermal sensitive
Fox_education_Leota;Summer workdays;5484.14;0.74;Non-thermal sensitive
Fox_education_Leota;Winter workdays;5523.44;0.71;Non-thermal sensitive
Fox_education_Lesley;Summer workdays;368.21;0.64;Non-thermal sensitive
Fox_education_Lesley;Winter workdays;377.07;0.63;Thermal sensitive
Fox_education_Lilly;Summer workdays;4586.91;0.79;Non-thermal sensitive
Fox_education_Lilly;Winter workdays;4782.52;0.73;Non-thermal sensitive
Fox_education_Long;Summer workdays;3668.82;0.64;Non-thermal sensitive
Fox_education_Long;Winter workdays;3819.81;0.63;Non-thermal sensitive
Fox_education_Louie;Summer workdays;1915.29;0.86;Non-thermal sensitive
Fox_education_Louie;Winter workdays;2082.3;0.79;Thermal sensitive
Fox_education_Marcelina;Summer workdays;72.47;0.52;Non-thermal sensitive
Fox_education_Marcelina;Winter workdays;132.41;0.66;Thermal sensitive
Fox_education_Marlana;Summer workdays;4579.88;0.87;Non-thermal sensitive
Fox_education_Marlana;Winter workdays;4600.31;0.89;Non-thermal sensitive
Fox_education_Melinda;Summer workdays;9384.89;0.89;Non-thermal sensitive
Fox_education_Melinda;Winter workdays;8899.58;0.87;Thermal sensitive
Fox_education_Melvin;Summer workdays;1552.79;0.57;Non-thermal sensitive
Fox_education_Melvin;Winter workdays;1543.22;0.55;Non-thermal sensitive
Fox_education_Miguelina;Summer workdays;2664.71;0.56;Non-thermal sensitive
Fox_education_Miguelina;Winter workdays;2362.76;0.62;Non-thermal sensitive
Fox_education_Nilda;Summer workdays;3588.91;0.64;Non-thermal sensitive
Fox_education_Nilda;Winter workdays;3483.01;0.65;Non-thermal sensitive
Fox_education_Ollie;Summer workdays;2581.18;0.79;Non-thermal sensitive
Fox_education_Ollie;Winter workdays;2811.83;0.8;Thermal sensitive
Fox_education_Otilia;Summer workdays;23058.33;0.92;Non-thermal sensitive
Fox_education_Otilia;Winter workdays;22989.2;0.92;Non-thermal sensitive
Fox_education_Ray;Summer workdays;1089.41;1.05;Non-thermal sensitive
Fox_education_Ray;Winter workdays;1473.73;1.04;Thermal sensitive
Fox_education_Rosie;Summer workdays;2881.16;0.97;Non-thermal sensitive
Fox_education_Rosie;Winter workdays;3483.87;1;Thermal sensitive
Fox_education_Rudolph;Summer workdays;615.8;0.68;Non-thermal sensitive
Fox_education_Rudolph;Winter workdays;658.43;0.68;Non-thermal sensitive
Fox_education_Shaun;Summer workdays;1876.39;0.88;Non-thermal sensitive
Fox_education_Shaun;Winter workdays;2695.12;0.83;Thermal sensitive
Fox_education_Shawanda;Summer workdays;334.31;0.59;Thermal sensitive
Fox_education_Shawanda;Winter workdays;166.83;1.12;Non-thermal sensitive
Fox_education_Shirley;Summer workdays;2457.41;0.77;Non-thermal sensitive
Fox_education_Shirley;Winter workdays;2810.52;0.73;Thermal sensitive
Fox_education_Stacia;Summer workdays;1878.82;0.94;Non-thermal sensitive
Fox_education_Stacia;Winter workdays;1897.75;0.92;Non-thermal sensitive
Fox_education_Sterling;Summer workdays;642.13;0.32;Non-thermal sensitive
Fox_education_Sterling;Winter workdays;595.77;0.36;Thermal sensitive
Fox_education_Suzan;Summer workdays;1187.6;0.73;Non-thermal sensitive
Fox_education_Suzan;Winter workdays;1199.05;0.71;Non-thermal sensitive
Fox_education_Tamika;Summer workdays;4407.8;0.67;Non-thermal sensitive
Fox_education_Tamika;Winter workdays;3191.71;0.72;Non-thermal sensitive
Fox_education_Theodore;Summer workdays;6599.87;0.95;Non-thermal sensitive
Fox_education_Theodore;Winter workdays;6618.76;0.93;Non-thermal sensitive
Fox_education_Tonya;Summer workdays;4183.53;1.01;Non-thermal sensitive
Fox_education_Tonya;Winter workdays;4257.57;0.97;Non-thermal sensitive
Fox_education_Virgil;Summer workdays;2265.29;0.85;Non-thermal sensitive
Fox_education_Virgil;Winter workdays;2244.07;0.85;Non-thermal sensitive
Fox_education_Virginia;Summer workdays;215.52;0.66;Non-thermal sensitive
Fox_education_Virginia;Winter workdays;308.43;0.66;Thermal sensitive
Fox_education_Wendell;Summer workdays;13019.82;0.91;Non-thermal sensitive
Fox_education_Wendell;Winter workdays;12808.08;0.89;Non-thermal sensitive
Fox_education_Willis;Summer workdays;59719;0.98;Thermal sensitive
Fox_education_Willis;Winter workdays;54429;0.99;Non-thermal sensitive
Fox_education_Yolande;Summer workdays;12784.37;0.85;Non-thermal sensitive
Fox_education_Yolande;Winter workdays;12904.29;0.85;Non-thermal sensitive
Hog_education_Beth;Summer workdays;2506.37;0.62;Non-thermal sensitive
Hog_education_Beth;Winter workdays;2878.01;0.62;Non-thermal sensitive
Hog_education_Bruno;Summer workdays;6470.61;0.81;Non-thermal sensitive
Hog_education_Bruno;Winter workdays;6640.18;0.8;Non-thermal sensitive
Hog_education_Caridad;Summer workdays;38271.71;0.81;Thermal sensitive
Hog_education_Caridad;Winter workdays;25635.63;0.88;Non-thermal sensitive
Hog_education_Casandra;Summer workdays;27458.75;0.86;Thermal sensitive
Hog_education_Casandra;Winter workdays;20228.68;0.89;Non-thermal sensitive
Hog_education_Cathleen;Summer workdays;13887.12;0.89;Thermal sensitive
Hog_education_Cathleen;Winter workdays;13678.59;0.92;Non-thermal sensitive
Hog_education_Donnie;Summer workdays;3136.05;0.38;Thermal sensitive
Hog_education_Donnie;Winter workdays;1153.88;0.47;Non-thermal sensitive
Hog_education_George;Summer workdays;5667.15;0.85;Thermal sensitive
Hog_education_George;Winter workdays;5118.09;0.84;Non-thermal sensitive
Hog_education_Hallie;Summer workdays;1630.05;0.86;Non-thermal sensitive
Hog_education_Hallie;Winter workdays;1651.47;0.86;Non-thermal sensitive
Hog_education_Haywood;Summer workdays;3423.36;0.93;Non-thermal sensitive
Hog_education_Haywood;Winter workdays;3431.69;0.93;Non-thermal sensitive
Hog_education_Janell;Summer workdays;91664.13;0.83;Thermal sensitive
Hog_education_Janell;Winter workdays;75315.82;0.85;Non-thermal sensitive
Hog_education_Jared;Summer workdays;342.47;0.46;Non-thermal sensitive
Hog_education_Jared;Winter workdays;422.52;0.41;Non-thermal sensitive
Hog_education_Jewel;Summer workdays;1860.79;0.69;Non-thermal sensitive
Hog_education_Jewel;Winter workdays;1640.62;0.66;Non-thermal sensitive
Hog_education_Jordan;Summer workdays;2701.8;0.6;Thermal sensitive
Hog_education_Jordan;Winter workdays;2516.17;0.63;Non-thermal sensitive
Hog_education_Leandro;Summer workdays;12489.92;0.78;Thermal sensitive
Hog_education_Leandro;Winter workdays;11484.98;0.75;Non-thermal sensitive
Hog_education_Luvenia;Summer workdays;12744.18;0.79;Non-thermal sensitive
Hog_education_Luvenia;Winter workdays;11630.15;0.74;Non-thermal sensitive
Hog_education_Madge;Summer workdays;2311.4;0.7;Non-thermal sensitive
Hog_education_Madge;Winter workdays;2351.1;0.69;Non-thermal sensitive
Hog_education_Odell;Summer workdays;13521.21;0.92;Non-thermal sensitive
Hog_education_Odell;Winter workdays;12680.83;0.9;Non-thermal sensitive
Hog_education_Rachael;Summer workdays;2104.04;0.8;Thermal sensitive
Hog_education_Rachael;Winter workdays;1452.22;0.82;Thermal sensitive
Hog_education_Robert;Summer workdays;15784.24;0.61;Thermal sensitive
Hog_education_Robert;Winter workdays;12946.13;0.57;Non-thermal sensitive
Hog_education_Roberto;Summer workdays;4858.24;0.58;Non-thermal sensitive
Hog_education_Roberto;Winter workdays;5753.91;0.55;Non-thermal sensitive
Hog_education_Sonia;Summer workdays;16026.97;0.78;Non-thermal sensitive
Hog_education_Sonia;Winter workdays;15177.55;0.79;Non-thermal sensitive
Hog_education_Wayne;Summer workdays;4194.92;0.72;Non-thermal sensitive
Hog_education_Wayne;Winter workdays;3954.58;0.68;Non-thermal sensitive
Moose_education_Abbie;Summer workdays;110007.57;0.81;Non-thermal sensitive
Moose_education_Abbie;Winter workdays;113117.07;0.78;Non-thermal sensitive
Moose_education_Clark;Summer workdays;78031.77;0.67;Non-thermal sensitive
Moose_education_Clark;Winter workdays;80515.94;0.63;Non-thermal sensitive
Moose_education_Florence;Summer workdays;32533.39;0.56;Non-thermal sensitive
Moose_education_Florence;Winter workdays;34798.17;0.54;Non-thermal sensitive
Moose_education_Gladys;Summer workdays;102811.53;0.73;Non-thermal sensitive
Moose_education_Gladys;Winter workdays;104529.79;0.7;Non-thermal sensitive
Moose_education_Leland;Summer workdays;103247.49;0.77;Thermal sensitive
Moose_education_Leland;Winter workdays;172521.84;0.66;Non-thermal sensitive
Moose_education_Lori;Summer workdays;16258.6;1.01;Non-thermal sensitive
Moose_education_Lori;Winter workdays;19515.81;1.07;Thermal sensitive
Moose_education_Maria;Summer workdays;78483.2;0.97;Non-thermal sensitive
Moose_education_Maria;Winter workdays;71518.04;0.89;Non-thermal sensitive
Moose_education_Marina;Summer workdays;3683.66;0.74;Non-thermal sensitive
Moose_education_Marina;Winter workdays;3767.92;0.73;Non-thermal sensitive
Moose_education_Marlon;Summer workdays;18425.53;0.67;Non-thermal sensitive
Moose_education_Marlon;Winter workdays;18967.11;0.66;Non-thermal sensitive
Moose_education_Rene;Summer workdays;48689.56;0.49;Non-thermal sensitive
Moose_education_Rene;Winter workdays;52635.52;0.46;Non-thermal sensitive
Moose_education_Ricardo;Summer workdays;26789.04;0.82;Non-thermal sensitive
Moose_education_Ricardo;Winter workdays;30796.07;0.82;Non-thermal sensitive
Panther_education_Alecia;Summer workdays;17142.14;0.72;Non-thermal sensitive
Panther_education_Alecia;Winter workdays;17848.97;0.67;Thermal sensitive
Panther_education_Annetta;Summer workdays;8936.83;0.77;Non-thermal sensitive
Panther_education_Annetta;Winter workdays;9711.51;0.73;Thermal sensitive
Panther_education_Aurora;Summer workdays;11385.9;0.66;Non-thermal sensitive
Panther_education_Aurora;Winter workdays;11420.58;0.64;Non-thermal sensitive
Panther_education_Cleopatra;Summer workdays;2131.04;0.51;Non-thermal sensitive
Panther_education_Cleopatra;Winter workdays;2683.59;0.56;Non-thermal sensitive
Panther_education_Diann;Summer workdays;5754.62;0.56;Thermal sensitive
Panther_education_Diann;Winter workdays;7116.92;0.71;Non-thermal sensitive
Panther_education_Edna;Summer workdays;11582.44;0.75;Non-thermal sensitive
Panther_education_Edna;Winter workdays;11808.95;0.65;Non-thermal sensitive
Panther_education_Emily;Summer workdays;10505.59;0.75;Non-thermal sensitive
Panther_education_Emily;Winter workdays;11593.92;0.71;Thermal sensitive
Panther_education_Enriqueta;Summer workdays;7721.95;0.7;Non-thermal sensitive
Panther_education_Enriqueta;Winter workdays;9086.22;0.68;Thermal sensitive
Panther_education_Genevieve;Summer workdays;21660.78;0.87;Non-thermal sensitive
Panther_education_Genevieve;Winter workdays;22787;0.87;Non-thermal sensitive
Panther_education_Gina;Summer workdays;33604.42;0.9;Non-thermal sensitive
Panther_education_Gina;Winter workdays;31679.21;0.91;Non-thermal sensitive
Panther_education_Hugh;Summer workdays;49013.17;0.96;Non-thermal sensitive
Panther_education_Hugh;Winter workdays;50973.23;0.97;Non-thermal sensitive
Panther_education_Ivan;Summer workdays;10578.11;0.81;Non-thermal sensitive
Panther_education_Ivan;Winter workdays;11130.8;0.79;Thermal sensitive
Panther_education_Janis;Summer workdays;2721.78;0.6;Thermal sensitive
Panther_education_Janis;Winter workdays;2005.5;0.6;Non-thermal sensitive
Panther_education_Jerome;Summer workdays;41295.77;0.88;Non-thermal sensitive
Panther_education_Jerome;Winter workdays;40949.16;0.88;Non-thermal sensitive
Panther_education_Jonathan;Summer workdays;622.34;0.86;Thermal sensitive
Panther_education_Jonathan;Winter workdays;721.71;0.94;Non-thermal sensitive
Panther_education_Karri;Summer workdays;32318.05;0.97;Non-thermal sensitive
Panther_education_Karri;Winter workdays;31277.53;0.97;Thermal sensitive
Panther_education_Mattie;Summer workdays;623.24;0.42;Non-thermal sensitive
Panther_education_Mattie;Winter workdays;528.8;0.56;Non-thermal sensitive
Panther_education_Misty;Summer workdays;3037.39;1;Non-thermal sensitive
Panther_education_Misty;Winter workdays;2294;0.89;Thermal sensitive
Panther_education_Mohammad;Summer workdays;12795.32;0.73;Non-thermal sensitive
Panther_education_Mohammad;Winter workdays;13033.69;0.68;Non-thermal sensitive
Panther_education_Neal;Summer workdays;20572.81;0.95;Non-thermal sensitive
Panther_education_Neal;Winter workdays;24354.99;0.88;Non-thermal sensitive
Panther_education_Quintin;Summer workdays;23839.65;0.81;Thermal sensitive
Panther_education_Quintin;Winter workdays;26886.04;0.81;Thermal sensitive
Panther_education_Rosalie;Summer workdays;5172.68;1.03;Non-thermal sensitive
Panther_education_Rosalie;Winter workdays;5122.32;0.99;Non-thermal sensitive
Panther_education_Scarlett;Summer workdays;1751.19;0.74;Non-thermal sensitive
Panther_education_Scarlett;Winter workdays;1988.74;0.69;Non-thermal sensitive
Panther_education_Shelton;Summer workdays;9134.58;0.89;Non-thermal sensitive
Panther_education_Shelton;Winter workdays;11284.59;0.97;Thermal sensitive
Panther_education_Sophia;Summer workdays;11588.93;0.97;Non-thermal sensitive
Panther_education_Sophia;Winter workdays;12009.41;0.95;Non-thermal sensitive
Panther_education_Teofila;Summer workdays;12450.29;0.76;Non-thermal sensitive
Panther_education_Teofila;Winter workdays;14266.55;0.7;Thermal sensitive
Panther_education_Tina;Summer workdays;746.17;0.68;Thermal sensitive
Panther_education_Tina;Winter workdays;409.98;0.75;Thermal sensitive
Panther_education_Vincent;Summer workdays;11827.93;0.59;Non-thermal sensitive
Panther_education_Vincent;Winter workdays;12980.15;0.58;Non-thermal sensitive
Panther_education_Violet;Summer workdays;12991.66;0.9;Non-thermal sensitive
Panther_education_Violet;Winter workdays;11320.76;0.96;Non-thermal sensitive
Panther_education_Zelda;Summer workdays;6476.78;0.67;Non-thermal sensitive
Panther_education_Zelda;Winter workdays;7616.51;0.6;Thermal sensitive
Peacock_education_Anita;Summer workdays;264.32;0.55;Non-thermal sensitive
Peacock_education_Anita;Winter workdays;296.21;0.77;Non-thermal sensitive
Peacock_education_Dustin;Summer workdays;1110.03;0.62;Non-thermal sensitive
Peacock_education_Dustin;Winter workdays;1138.72;0.64;Non-thermal sensitive
Peacock_education_Forest;Summer workdays;2098.37;0.74;Non-thermal sensitive
Peacock_education_Forest;Winter workdays;2164.27;0.77;Non-thermal sensitive
Peacock_education_Gilberto;Summer workdays;25362.1;0.87;Non-thermal sensitive
Peacock_education_Gilberto;Winter workdays;25493.47;0.89;Non-thermal sensitive
Peacock_education_Joshua;Summer workdays;11170.59;0.9;Non-thermal sensitive
Peacock_education_Joshua;Winter workdays;11391.32;0.91;Non-thermal sensitive
Peacock_education_Karyn;Summer workdays;11657.25;0.94;Non-thermal sensitive
Peacock_education_Karyn;Winter workdays;11511.83;0.96;Non-thermal sensitive
Peacock_education_Lyle;Summer workdays;16560.41;0.72;Non-thermal sensitive
Peacock_education_Lyle;Winter workdays;16896.99;0.73;Non-thermal sensitive
Peacock_education_Ophelia;Summer workdays;17086.32;0.93;Non-thermal sensitive
Peacock_education_Ophelia;Winter workdays;17683.31;0.94;Non-thermal sensitive
Peacock_education_Pasquale;Summer workdays;4406.21;0.91;Non-thermal sensitive
Peacock_education_Pasquale;Winter workdays;4645.96;0.92;Non-thermal sensitive
Peacock_education_Patience;Summer workdays;695.47;0.65;Non-thermal sensitive
Peacock_education_Patience;Winter workdays;700.38;0.59;Non-thermal sensitive
Peacock_education_Robbie;Summer workdays;903;0.69;Non-thermal sensitive
Peacock_education_Robbie;Winter workdays;1007.67;0.68;Non-thermal sensitive
Peacock_education_Shelly;Summer workdays;2729.85;0.88;Non-thermal sensitive
Peacock_education_Shelly;Winter workdays;2811.24;0.91;Non-thermal sensitive
Peacock_education_Yolanda;Summer workdays;909.62;0.7;Non-thermal sensitive
Peacock_education_Yolanda;Winter workdays;895.11;0.71;Non-thermal sensitive
Rat_education_Adell;Summer workdays;6557.56;0.74;Non-thermal sensitive
Rat_education_Adell;Winter workdays;6929.87;0.72;Non-thermal sensitive
Rat_education_Adrian;Summer workdays;562.54;1.25;Non-thermal sensitive
Rat_education_Adrian;Winter workdays;289.48;1.43;Non-thermal sensitive
Rat_education_Alfred;Summer workdays;2650.1;0.43;Non-thermal sensitive
Rat_education_Alfred;Winter workdays;2435.03;0.57;Thermal sensitive
Rat_education_Barney;Summer workdays;5666.09;0.9;Thermal sensitive
Rat_education_Barney;Winter workdays;4137.83;0.86;Non-thermal sensitive
Rat_education_Beverly;Summer workdays;1307.77;0.75;Thermal sensitive
Rat_education_Beverly;Winter workdays;1293.67;0.75;Thermal sensitive
Rat_education_Brett;Summer workdays;4483.23;0.58;Thermal sensitive
Rat_education_Brett;Winter workdays;4004.59;0.67;Thermal sensitive
Rat_education_Bryant;Summer workdays;610.61;0.93;Thermal sensitive
Rat_education_Bryant;Winter workdays;399.81;0.92;Thermal sensitive
Rat_education_Calvin;Summer workdays;641.81;0.68;Thermal sensitive
Rat_education_Calvin;Winter workdays;1141.99;0.95;Non-thermal sensitive
Rat_education_Candida;Summer workdays;2440.25;0.68;Thermal sensitive
Rat_education_Candida;Winter workdays;1612.37;0.54;Non-thermal sensitive
Rat_education_Carmela;Summer workdays;1132.5;0.83;Thermal sensitive
Rat_education_Carmela;Winter workdays;787.18;0.98;Non-thermal sensitive
Rat_education_Cecil;Summer workdays;169.71;1;Thermal sensitive
Rat_education_Cecil;Winter workdays;229.84;1.08;Non-thermal sensitive
Rat_education_Cedric;Summer workdays;4077.61;0.79;Thermal sensitive
Rat_education_Cedric;Winter workdays;3792.73;0.83;Thermal sensitive
Rat_education_Cinthia;Summer workdays;2619.39;0.7;Thermal sensitive
Rat_education_Cinthia;Winter workdays;2619.3;0.8;Thermal sensitive
Rat_education_Colin;Summer workdays;1577.77;0.76;Non-thermal sensitive
Rat_education_Colin;Winter workdays;917.07;0.78;Non-thermal sensitive
Rat_education_Conrad;Summer workdays;7004.89;0.48;Thermal sensitive
Rat_education_Conrad;Winter workdays;3056.74;0.53;Thermal sensitive
Rat_education_Dann;Summer workdays;192.24;1.24;Non-thermal sensitive
Rat_education_Dann;Winter workdays;26.41;1.72;Non-thermal sensitive
Rat_education_Davis;Summer workdays;2042.68;0.54;Non-thermal sensitive
Rat_education_Davis;Winter workdays;1881.72;0.57;Thermal sensitive
Rat_education_Deanna;Summer workdays;1995.07;0.63;Thermal sensitive
Rat_education_Deanna;Winter workdays;2234.21;0.77;Thermal sensitive
Rat_education_Debra;Summer workdays;3029.27;0.77;Thermal sensitive
Rat_education_Debra;Winter workdays;2441.73;0.8;Non-thermal sensitive
Rat_education_Dianne;Summer workdays;4309.17;0.7;Non-thermal sensitive
Rat_education_Dianne;Winter workdays;4254.92;0.81;Non-thermal sensitive
Rat_education_Dreama;Summer workdays;2339.04;0.8;Non-thermal sensitive
Rat_education_Dreama;Winter workdays;1888.89;0.93;Non-thermal sensitive
Rat_education_Earl;Summer workdays;577.38;0.94;Thermal sensitive
Rat_education_Earl;Winter workdays;456.15;0.95;Thermal sensitive
Rat_education_Earnest;Summer workdays;1673.35;0.71;Non-thermal sensitive
Rat_education_Earnest;Winter workdays;1481.17;0.63;Non-thermal sensitive
Rat_education_Edmund;Summer workdays;4781.18;0.76;Thermal sensitive
Rat_education_Edmund;Winter workdays;3474.92;0.7;Thermal sensitive
Rat_education_Elisa;Summer workdays;1248.72;0.62;Non-thermal sensitive
Rat_education_Elisa;Winter workdays;1146.88;0.44;Non-thermal sensitive
Rat_education_Elsie;Summer workdays;774.95;0.86;Non-thermal sensitive
Rat_education_Elsie;Winter workdays;1038.31;0.98;Thermal sensitive
Rat_education_Esther;Summer workdays;2381.34;0.7;Thermal sensitive
Rat_education_Esther;Winter workdays;1990.26;0.71;Thermal sensitive
Rat_education_Everett;Summer workdays;7971.88;0.64;Non-thermal sensitive
Rat_education_Everett;Winter workdays;7215.82;0.67;Thermal sensitive
Rat_education_Fernando;Summer workdays;1833.54;1.01;Non-thermal sensitive
Rat_education_Fernando;Winter workdays;2545.59;1.01;Non-thermal sensitive
Rat_education_Francisca;Summer workdays;1760.29;0.87;Thermal sensitive
Rat_education_Francisca;Winter workdays;1053.67;0.91;Non-thermal sensitive
Rat_education_Gricelda;Summer workdays;697.73;0.95;Thermal sensitive
Rat_education_Gricelda;Winter workdays;776.26;0.92;Non-thermal sensitive
Rat_education_Guillermo;Summer workdays;3502.46;0.75;Thermal sensitive
Rat_education_Guillermo;Winter workdays;2415.98;0.79;Non-thermal sensitive
Rat_education_Humberto;Summer workdays;366.02;0.92;Thermal sensitive
Rat_education_Humberto;Winter workdays;319.63;0.94;Thermal sensitive
Rat_education_Imelda;Summer workdays;449.72;0.82;Thermal sensitive
Rat_education_Imelda;Winter workdays;341.63;0.84;Non-thermal sensitive
Rat_education_Irma;Summer workdays;320.87;0.98;Thermal sensitive
Rat_education_Irma;Winter workdays;294.01;1.05;Thermal sensitive
Rat_education_Jacob;Summer workdays;2389.44;0.44;Thermal sensitive
Rat_education_Jacob;Winter workdays;2221.51;0.6;Thermal sensitive
Rat_education_Jame;Summer workdays;26712.9;1.01;Thermal sensitive
Rat_education_Jame;Winter workdays;23440.32;0.97;Non-thermal sensitive
Rat_education_Jeanne;Summer workdays;4482.63;0.96;Thermal sensitive
Rat_education_Jeanne;Winter workdays;4088.1;0.99;Non-thermal sensitive
Rat_education_Jena;Summer workdays;1163.03;0.36;Thermal sensitive
Rat_education_Jena;Winter workdays;1057.23;0.42;Non-thermal sensitive
Rat_education_Jesse;Summer workdays;248.62;0.93;Thermal sensitive
Rat_education_Jesse;Winter workdays;185.14;0.96;Non-thermal sensitive
Rat_education_Kandice;Summer workdays;1297.35;1.05;Non-thermal sensitive
Rat_education_Kandice;Winter workdays;1815.21;1.18;Thermal sensitive
Rat_education_Kathryn;Summer workdays;75.33;1.24;Thermal sensitive
Rat_education_Kathryn;Winter workdays;135.94;1.32;Non-thermal sensitive
Rat_education_Keith;Summer workdays;115.77;1.08;Thermal sensitive
Rat_education_Keith;Winter workdays;189.6;1.41;Thermal sensitive
Rat_education_Kelsey;Summer workdays;4470.7;0.83;Non-thermal sensitive
Rat_education_Kelsey;Winter workdays;3599.1;0.77;Non-thermal sensitive
Rat_education_Lee;Summer workdays;1584.26;0.76;Thermal sensitive
Rat_education_Lee;Winter workdays;1324.49;0.77;Non-thermal sensitive
Rat_education_Leonardo;Summer workdays;1145.2;0.68;Non-thermal sensitive
Rat_education_Leonardo;Winter workdays;1377.35;0.56;Non-thermal sensitive
Rat_education_Lincoln;Summer workdays;4132.61;0.77;Thermal sensitive
Rat_education_Lincoln;Winter workdays;3373.68;0.75;Non-thermal sensitive
Rat_education_Liz;Summer workdays;469.47;0.94;Thermal sensitive
Rat_education_Liz;Winter workdays;337.3;0.99;Non-thermal sensitive
Rat_education_Lonnie;Summer workdays;1898.49;0.51;Thermal sensitive
Rat_education_Lonnie;Winter workdays;1365.77;0.48;Non-thermal sensitive
Rat_education_Lynn;Summer workdays;36232.04;0.94;Thermal sensitive
Rat_education_Lynn;Winter workdays;28912.12;0.96;Thermal sensitive
Rat_education_Marcos;Summer workdays;7802.13;0.83;Non-thermal sensitive
Rat_education_Marcos;Winter workdays;7682.32;0.89;Thermal sensitive
Rat_education_Marianna;Summer workdays;11113.27;0.79;Thermal sensitive
Rat_education_Marianna;Winter workdays;10854.11;0.84;Thermal sensitive
Rat_education_Maricela;Summer workdays;5205.18;0.71;Thermal sensitive
Rat_education_Maricela;Winter workdays;4027.2;0.66;Non-thermal sensitive
Rat_education_Marvin;Summer workdays;617.63;0.78;Thermal sensitive
Rat_education_Marvin;Winter workdays;525.38;0.81;Non-thermal sensitive
Rat_education_Mavis;Summer workdays;372.57;1.02;Thermal sensitive
Rat_education_Mavis;Winter workdays;715.32;1.14;Thermal sensitive
Rat_education_Meghan;Summer workdays;2425.24;0.64;Non-thermal sensitive
Rat_education_Meghan;Winter workdays;2703.17;0.72;Thermal sensitive
Rat_education_Milagros;Summer workdays;616.77;0.65;Non-thermal sensitive
Rat_education_Milagros;Winter workdays;815.42;0.83;Thermal sensitive
Rat_education_Mona;Summer workdays;1488.08;0.56;Non-thermal sensitive
Rat_education_Mona;Winter workdays;1489.44;0.43;Non-thermal sensitive
Rat_education_Morton;Summer workdays;1553.27;0.81;Thermal sensitive
Rat_education_Morton;Winter workdays;1140.08;0.79;Non-thermal sensitive
Rat_education_Mose;Summer workdays;134.34;1;Non-thermal sensitive
Rat_education_Mose;Winter workdays;191.2;0.96;Thermal sensitive
Rat_education_Nellie;Summer workdays;12602.67;0.62;Thermal sensitive
Rat_education_Nellie;Winter workdays;9458.78;0.7;Non-thermal sensitive
Rat_education_Nona;Summer workdays;427.74;0.56;Non-thermal sensitive
Rat_education_Nona;Winter workdays;943.58;0.91;Thermal sensitive
Rat_education_Nydia;Summer workdays;1857.7;0.63;Thermal sensitive
Rat_education_Nydia;Winter workdays;1549.23;0.6;Non-thermal sensitive
Rat_education_Pat;Summer workdays;3063.34;0.62;Thermal sensitive
Rat_education_Pat;Winter workdays;2305.5;0.54;Non-thermal sensitive
Rat_education_Patty;Summer workdays;2461.03;0.96;Thermal sensitive
Rat_education_Patty;Winter workdays;1645.96;1.06;Thermal sensitive
Rat_education_Renee;Summer workdays;920.23;0.85;Thermal sensitive
Rat_education_Renee;Winter workdays;626.82;0.89;Non-thermal sensitive
Rat_education_Robyn;Summer workdays;11475.78;0.74;Non-thermal sensitive
Rat_education_Robyn;Winter workdays;9635.87;0.81;Non-thermal sensitive
Rat_education_Rogelio;Summer workdays;3067.54;0.6;Thermal sensitive
Rat_education_Rogelio;Winter workdays;3030.89;0.66;Thermal sensitive
Rat_education_Rosalyn;Summer workdays;1647.61;0.65;Thermal sensitive
Rat_education_Rosalyn;Winter workdays;1691.46;0.7;Thermal sensitive
Rat_education_Royal;Summer workdays;237.25;0.55;Thermal sensitive
Rat_education_Royal;Winter workdays;136.4;0.66;Non-thermal sensitive
Rat_education_Salvatore;Summer workdays;5137.57;1.89;Non-thermal sensitive
Rat_education_Salvatore;Winter workdays;6278.22;0.96;Non-thermal sensitive
Rat_education_Shellie;Summer workdays;3176.4;0.72;Thermal sensitive
Rat_education_Shellie;Winter workdays;2736.52;0.69;Non-thermal sensitive
Rat_education_Sherwood;Summer workdays;272.41;1.01;Thermal sensitive
Rat_education_Sherwood;Winter workdays;295.49;1.06;Thermal sensitive
Rat_education_Sina;Summer workdays;81.43;0.65;Thermal sensitive
Rat_education_Sina;Winter workdays;90.05;0.94;Thermal sensitive
Rat_education_Stuart;Summer workdays;562.25;1.05;Thermal sensitive
Rat_education_Stuart;Winter workdays;413.41;1.12;Non-thermal sensitive
Rat_education_Terese;Summer workdays;965.82;0.94;Thermal sensitive
Rat_education_Terese;Winter workdays;600.36;0.91;Non-thermal sensitive
Rat_education_Theo;Summer workdays;12655.05;0.69;Non-thermal sensitive
Rat_education_Theo;Winter workdays;12806.69;0.75;Thermal sensitive
Rat_education_Tim;Summer workdays;694.55;0.76;Thermal sensitive
Rat_education_Tim;Winter workdays;561.46;0.94;Non-thermal sensitive
Rat_education_Ulrike;Summer workdays;9862.91;0.82;Thermal sensitive
Rat_education_Ulrike;Winter workdays;6140.73;0.84;Non-thermal sensitive
Rat_education_Verna;Summer workdays;2137.78;0.67;Thermal sensitive
Rat_education_Verna;Winter workdays;1773.47;0.64;Thermal sensitive
Rat_education_Vicky;Summer workdays;1687.01;0.78;Non-thermal sensitive
Rat_education_Vicky;Winter workdays;1333.94;0.66;Non-thermal sensitive
Rat_education_Willie;Summer workdays;960.69;1.01;Thermal sensitive
Rat_education_Willie;Winter workdays;1197.04;1.06;Thermal sensitive
Rat_education_Wilmer;Summer workdays;2487.84;0.62;Thermal sensitive
Rat_education_Wilmer;Winter workdays;2620.62;0.7;Thermal sensitive
Rat_education_Winnie;Summer workdays;1227.53;0.68;Non-thermal sensitive
Rat_education_Winnie;Winter workdays;1649.89;0.69;Non-thermal sensitive
Rat_education_Yu;Summer workdays;422.38;0.54;Thermal sensitive
Rat_education_Yu;Winter workdays;486.37;0.74;Thermal sensitive
Rat_education_Zina;Summer workdays;1548.61;0.54;Thermal sensitive
Rat_education_Zina;Winter workdays;1222.38;0.54;Non-thermal sensitive
Rat_education_Zoe;Summer workdays;160.49;0.79;Thermal sensitive
Rat_education_Zoe;Winter workdays;354.53;0.83;Non-thermal sensitive
Robin_education_Audrea;Summer workdays;6962.48;0.9;Non-thermal sensitive
Robin_education_Audrea;Winter workdays;6262.59;0.9;Non-thermal sensitive
Robin_education_Billi;Summer workdays;1004.75;0.38;Non-thermal sensitive
Robin_education_Billi;Winter workdays;1118.92;0.38;Non-thermal sensitive
Robin_education_Cecilia;Summer workdays;1400.02;0.69;Thermal sensitive
Robin_education_Cecilia;Winter workdays;1444.05;0.68;Non-thermal sensitive
Robin_education_Derrick;Summer workdays;9908.19;0.76;Non-thermal sensitive
Robin_education_Derrick;Winter workdays;10043.82;0.75;Non-thermal sensitive
Robin_education_Jasper;Summer workdays;4007.62;0.8;Non-thermal sensitive
Robin_education_Jasper;Winter workdays;4312.31;0.81;Non-thermal sensitive
Robin_education_Julius;Summer workdays;8684.48;0.61;Thermal sensitive
Robin_education_Julius;Winter workdays;9569.12;0.58;Thermal sensitive
Robin_education_Karyl;Summer workdays;2599.73;0.71;Non-thermal sensitive
Robin_education_Karyl;Winter workdays;2427.75;0.68;Non-thermal sensitive
Robin_education_Kiera;Summer workdays;1975.26;0.51;Non-thermal sensitive
Robin_education_Kiera;Winter workdays;2232.81;0.48;Non-thermal sensitive
Robin_education_Kristopher;Summer workdays;3291.71;0.78;Non-thermal sensitive
Robin_education_Kristopher;Winter workdays;3184.99;0.77;Non-thermal sensitive
Robin_education_Lashandra;Summer workdays;2411.32;0.55;Thermal sensitive
Robin_education_Lashandra;Winter workdays;2623.16;0.68;Non-thermal sensitive
Robin_education_Leslie;Summer workdays;22954.76;0.74;Thermal sensitive
Robin_education_Leslie;Winter workdays;22589.64;0.74;Non-thermal sensitive
Robin_education_Lizbeth;Summer workdays;3065.3;0.86;Thermal sensitive
Robin_education_Lizbeth;Winter workdays;2813.89;0.87;Thermal sensitive
Robin_education_Madeline;Summer workdays;8927.93;0.83;Non-thermal sensitive
Robin_education_Madeline;Winter workdays;9024.91;0.82;Non-thermal sensitive
Robin_education_Margarito;Summer workdays;13639.89;0.82;Thermal sensitive
Robin_education_Margarito;Winter workdays;12258.63;0.84;Non-thermal sensitive
Robin_education_Megan;Summer workdays;6502.38;0.79;Non-thermal sensitive
Robin_education_Megan;Winter workdays;6668.93;0.8;Thermal sensitive
Robin_education_Mercedes;Summer workdays;7047.18;0.8;Thermal sensitive
Robin_education_Mercedes;Winter workdays;5954.36;0.78;Non-thermal sensitive
Robin_education_So;Summer workdays;12062.16;0.82;Non-thermal sensitive
Robin_education_So;Winter workdays;12739.23;0.8;Non-thermal sensitive
Robin_education_Takako;Summer workdays;5201.52;0.78;Non-thermal sensitive
Robin_education_Takako;Winter workdays;2860.83;0.75;Non-thermal sensitive
Robin_education_Terrance;Summer workdays;6143.77;0.75;Non-thermal sensitive
Robin_education_Terrance;Winter workdays;6546.01;0.77;Thermal sensitive
Robin_education_Zenia;Summer workdays;6170.29;0.71;Thermal sensitive
Robin_education_Zenia;Winter workdays;5596.43;0.75;Non-thermal sensitive
Wolf_education_Anisa;Summer workdays;4852.4;0.76;Non-thermal sensitive
Wolf_education_Anisa;Winter workdays;6899.6;0.64;Non-thermal sensitive
Wolf_education_Arnulfo;Summer workdays;849.13;0.73;Non-thermal sensitive
Wolf_education_Arnulfo;Winter workdays;1048.32;0.67;Non-thermal sensitive
Wolf_education_Bobby;Summer workdays;2637.68;0.57;Non-thermal sensitive
Wolf_education_Bobby;Winter workdays;2736.89;0.61;Non-thermal sensitive
Wolf_education_Cheryl;Summer workdays;3183.07;0.54;Non-thermal sensitive
Wolf_education_Cheryl;Winter workdays;3485.94;0.52;Non-thermal sensitive
Wolf_education_Clarissa;Summer workdays;1268.43;0.71;Non-thermal sensitive
Wolf_education_Clarissa;Winter workdays;1406.45;0.65;Non-thermal sensitive
Wolf_education_Cody;Summer workdays;585.09;0.63;Non-thermal sensitive
Wolf_education_Cody;Winter workdays;624.33;0.53;Non-thermal sensitive
Wolf_education_Dolores;Summer workdays;892.2;0.54;Non-thermal sensitive
Wolf_education_Dolores;Winter workdays;990.4;0.49;Non-thermal sensitive
Wolf_education_Dorris;Summer workdays;8200.37;0.74;Non-thermal sensitive
Wolf_education_Dorris;Winter workdays;8155.54;0.75;Non-thermal sensitive
Wolf_education_Eulalia;Summer workdays;1857.92;0.39;Non-thermal sensitive
Wolf_education_Eulalia;Winter workdays;1944.67;0.37;Non-thermal sensitive
Wolf_education_Joaquin;Summer workdays;1736.57;0.86;Non-thermal sensitive
Wolf_education_Joaquin;Winter workdays;1830.62;0.85;Non-thermal sensitive
Wolf_education_Josefa;Summer workdays;212.15;0.47;Non-thermal sensitive
Wolf_education_Josefa;Winter workdays;242.14;0.39;Non-thermal sensitive
Wolf_education_Katie;Summer workdays;663.11;0.56;Non-thermal sensitive
Wolf_education_Katie;Winter workdays;730.85;0.5;Non-thermal sensitive
Wolf_education_Laurinda;Summer workdays;5445.89;0.49;Non-thermal sensitive
Wolf_education_Laurinda;Winter workdays;5929.67;0.46;Non-thermal sensitive
Wolf_education_Loren;Summer workdays;5828.75;0.62;Non-thermal sensitive
Wolf_education_Loren;Winter workdays;6286.23;0.57;Non-thermal sensitive
Wolf_education_Miguel;Summer workdays;955.61;0.53;Non-thermal sensitive
Wolf_education_Miguel;Winter workdays;1033.61;0.49;Thermal sensitive
Wolf_education_Roderick;Summer workdays;119.58;1.63;Non-thermal sensitive
Wolf_education_Roderick;Winter workdays;123.69;1.67;Non-thermal sensitive
Wolf_education_Tammie;Summer workdays;2162.93;0.65;Non-thermal sensitive
Wolf_education_Tammie;Winter workdays;2159.4;0.62;Non-thermal sensitive
Wolf_education_Tori;Summer workdays;9210.95;0.62;Non-thermal sensitive
Wolf_education_Tori;Winter workdays;9797.51;0.6;Non-thermal sensitive
Wolf_education_Ursula;Summer workdays;3453.87;0.6;Non-thermal sensitive
Wolf_education_Ursula;Winter workdays;3606.77;0.57;Non-thermal sensitive
Wolf_education_Vivian;Summer workdays;1751.69;0.61;Non-thermal sensitive
Wolf_education_Vivian;Winter workdays;2069.81;0.52;Non-thermal sensitive
