building_id;load_condition;EPI_freq;anomaly_rate;anomaly_energy;distance_volatility
Bull_office_Anne;Summer weekends;98.04;3.448275862;3.551484855;1.069344306
Bull_office_Anne;Summer workdays;99.17;2.479338843;2.57794795;0.960262174
Bull_office_Anne;Winter weekends;97.96;6.12244898;6.361517142;0.740477473
Bull_office_Anne;Winter workdays;97.41;3.921568627;4.23744046;0.798318111
Bull_office_Chantel;Summer weekends;94.12;6.837606838;8.274976139;1.671708069
Bull_office_Chantel;Summer workdays;94.26;3.278688525;4.247145709;1.632692586
Bull_office_Chantel;Winter weekends;89.8;4.081632653;6.827801686;2.106516928
Bull_office_Chantel;Winter workdays;89.74;5.882352941;9.863029085;2.130133816
Bull_office_Claudia;Summer weekends;100;6.837606838;6.475854665;0.746635116
Bull_office_Claudia;Summer workdays;4.92;1.639344262;1.651420505;0.669644254
Bull_office_Claudia;Winter weekends;97.96;6.12244898;6.332048151;0.682563069
Bull_office_Claudia;Winter workdays;8.55;5.882352941;6.473775635;0.686994487
Bull_office_Debbie;Summer weekends;96.08;1.869158879;1.687199042;1.231555819
Bull_office_Debbie;Summer workdays;72.95;1.639344262;1.870923447;1.245554288
Bull_office_Debbie;Winter weekends;89.8;6.12244898;7.170052732;1.201581703
Bull_office_Debbie;Winter workdays;34.58;7.843137255;8.81661154;1.234900485
Bull_office_Efren;Summer weekends;27.45;4.424778761;4.117111243;1.546396426
Bull_office_Efren;Summer workdays;71.31;3.278688525;3.029264852;1.341962771
Bull_office_Efren;Winter weekends;12.24;0;0;1.701980191
Bull_office_Efren;Winter workdays;88.5;3.921568627;5.009454113;1.499938701
Bull_office_Ella;Summer weekends;41.18;3.50877193;4.048142588;1.229250049
Bull_office_Ella;Summer workdays;40.16;0.819672131;0.733580673;2.452708033
Bull_office_Ella;Winter weekends;57.14;4.081632653;5.813288786;1.095475702
Bull_office_Ella;Winter workdays;42.98;0;0;2.315565274
Bull_office_Hilton;Summer weekends;70.59;3.418803419;3.439703011;1.94209014
Bull_office_Hilton;Summer workdays;81.97;9.016393443;7.140710489;2.326915685
Bull_office_Hilton;Winter weekends;81.63;2.040816327;2.184729441;1.63447161
Bull_office_Hilton;Winter workdays;89.74;5.882352941;4.912553928;2.271363993
Bull_office_Ivette;Summer weekends;98.04;0.892857143;0.698700793;3.017720931
Bull_office_Ivette;Summer workdays;80;5;5.02924417;1.201995132
Bull_office_Ivette;Winter weekends;87.76;2.040816327;2.227119902;3.116306735
Bull_office_Ivette;Winter workdays;66.96;1.960784314;1.999573045;1.182053361
Bull_office_Lilla;Summer weekends;100;3.50877193;3.777296194;1.041831095
Bull_office_Lilla;Summer workdays;100;4.098360656;4.105161178;0.474046443
Bull_office_Lilla;Winter weekends;100;8.163265306;8.925837761;1.18609248
Bull_office_Lilla;Winter workdays;98.25;3.921568627;4.032530613;0.399035668
Bull_office_Marco;Summer weekends;49.02;4.385964912;4.098215733;3.357705485
Bull_office_Marco;Summer workdays;76.23;3.278688525;3.004845095;2.317148923
Bull_office_Marco;Winter weekends;28.57;4.081632653;2.415495371;3.920007199
Bull_office_Marco;Winter workdays;85.96;0;0;2.137762675
Bull_office_Myron;Summer weekends;98.04;1.769911504;2.038600593;1.219911251
Bull_office_Myron;Summer workdays;100;4.958677686;5.619325778;1.199240251
Bull_office_Myron;Winter weekends;10.2;6.12244898;6.567263736;1.087388035
Bull_office_Myron;Winter workdays;100;3.921568627;4.644105244;0.918063512
Bull_office_Nicolas;Summer weekends;0;5.172413793;4.285091765;1.483574383
Bull_office_Nicolas;Summer workdays;0.83;4.958677686;5.323417034;1.449209678
Bull_office_Nicolas;Winter weekends;0;2.040816327;2.208084163;1.353831902
Bull_office_Nicolas;Winter workdays;0;3.921568627;4.996734533;1.449289239
Bull_office_Rob;Summer weekends;90.2;1.769911504;1.683649648;0.894471143
Bull_office_Rob;Summer workdays;100;5.93220339;5.959184999;1.332408701
Bull_office_Rob;Winter weekends;83.67;10.20408163;9.802147465;1.129811926
Bull_office_Rob;Winter workdays;100;1.960784314;2.203612083;1.982991819
Bull_office_Sally;Summer weekends;39.22;3.448275862;3.094621481;1.818323063
Bull_office_Sally;Summer workdays;98.36;3.278688525;2.989490262;1.830554405
Bull_office_Sally;Winter weekends;26.53;4.081632653;5.977104342;3.258951101
Bull_office_Sally;Winter workdays;98.28;1.960784314;2.955846134;3.34827545
Bull_office_Trevor;Summer weekends;100;5.263157895;5.001773797;0.836250372
Bull_office_Trevor;Summer workdays;100;0.833333333;0.842771097;0.685047164
Bull_office_Trevor;Winter weekends;100;0;0;0.612665871
Bull_office_Trevor;Winter workdays;100;7.843137255;8.034896047;0.485274309
Bull_office_Yvonne;Summer weekends;100;0.943396226;0.803663377;0.599779313
Bull_office_Yvonne;Summer workdays;100;0;0;1.038468936
Bull_office_Yvonne;Winter weekends;100;6.12244898;4.987074777;0.632731608
Bull_office_Yvonne;Winter workdays;99.06;0;0;0.908066466
Cockatoo_office_Ada;Summer weekends;32.08;2.586206897;1.961381105;3.006255248
Cockatoo_office_Ada;Summer workdays;98.41;1.587301587;1.819971405;1.162416547
Cockatoo_office_Ada;Winter weekends;34.04;6.382978723;7.297319808;4.617472593
Cockatoo_office_Ada;Winter workdays;93.1;5.660377358;5.922941518;1.482566695
Cockatoo_office_Alton;Summer weekends;71.7;3.47826087;4.275929091;1.780321877
Cockatoo_office_Alton;Summer workdays;92.86;1.587301587;1.678900685;1.973723076
Cockatoo_office_Alton;Winter weekends;61.7;4.255319149;5.562224645;1.503146833
Cockatoo_office_Alton;Winter workdays;90.43;0;0;1.781528
Cockatoo_office_Christy;Summer weekends;100;0;0;1.346684347
Cockatoo_office_Christy;Summer workdays;100;7.936507937;8.880765128;1.366248904
Cockatoo_office_Christy;Winter weekends;68.09;0;0;0.946050481
Cockatoo_office_Christy;Winter workdays;100;9.433962264;9.907454387;1.141055803
Cockatoo_office_Delores;Summer weekends;100;3.539823009;3.43596308;1.184344074
Cockatoo_office_Delores;Summer workdays;96.83;2.380952381;2.520392058;1.13624385
Cockatoo_office_Delores;Winter weekends;97.87;2.127659574;2.269492473;1.094468986
Cockatoo_office_Delores;Winter workdays;98.23;5.660377358;6.354194378;1.070681003
Cockatoo_office_Elbert;Summer weekends;77.36;3.418803419;3.17152846;1.444093694
Cockatoo_office_Elbert;Summer workdays;99.2;4.8;5.832652849;1.614538297
Cockatoo_office_Elbert;Winter weekends;78.72;2.127659574;1.536135755;1.404599315
Cockatoo_office_Elbert;Winter workdays;96.58;5.660377358;6.57168299;1.65502341
Cockatoo_office_Gail;Summer weekends;77.36;4.166666667;4.122469068;4.519546824
Cockatoo_office_Gail;Summer workdays;47.62;5.555555556;6.978749048;2.576595856
Cockatoo_office_Gail;Winter weekends;68.09;0;0;3.003071537
Cockatoo_office_Gail;Winter workdays;61.67;5.660377358;6.195511031;1.709636856
Cockatoo_office_Georgia;Summer weekends;100;3.50877193;3.431532466;0.947955614
Cockatoo_office_Georgia;Summer workdays;91.27;0;0;0.887417864
Cockatoo_office_Georgia;Winter weekends;100;2.127659574;1.537440901;0.89914338
Cockatoo_office_Georgia;Winter workdays;90.35;0;0;0.704247217
Cockatoo_office_Giovanni;Summer weekends;100;0.877192982;0.997531386;1.155570682
Cockatoo_office_Giovanni;Summer workdays;98.41;0;0;1.35941533
Cockatoo_office_Giovanni;Winter weekends;97.87;4.255319149;4.13074005;0.941352154
Cockatoo_office_Giovanni;Winter workdays;96.49;3.773584906;4.112819356;1.019284285
Cockatoo_office_Jimmy;Summer weekends;18.87;5.309734513;5.680069466;2.377066212
Cockatoo_office_Jimmy;Summer workdays;40.48;1.587301587;1.946653877;5.828753253
Cockatoo_office_Jimmy;Winter weekends;10.64;2.127659574;3.455864343;2.206657797
Cockatoo_office_Jimmy;Winter workdays;93.81;0;0;9.600936801
Cockatoo_office_Jodie;Summer weekends;94.34;0.854700855;0.767128372;2.460871699
Cockatoo_office_Jodie;Summer workdays;50;3.968253968;4.23976112;1.02694864
Cockatoo_office_Jodie;Winter weekends;87.23;2.127659574;2.618041709;1.993501964
Cockatoo_office_Jodie;Winter workdays;51.28;7.547169811;7.809645248;0.791854905
Cockatoo_office_Kristin;Summer weekends;100;4.385964912;4.528053894;0.84318022
Cockatoo_office_Kristin;Summer workdays;100;3.174603175;3.294401552;0.728739228
Cockatoo_office_Kristin;Winter weekends;100;6.382978723;6.781376534;0.694383314
Cockatoo_office_Kristin;Winter workdays;99.12;5.660377358;6.105009261;0.672454885
Cockatoo_office_Laila;Summer weekends;100;2.608695652;2.451184395;0.868684234
Cockatoo_office_Laila;Summer workdays;98.41;0;0;0.910107524
Cockatoo_office_Laila;Winter weekends;97.87;2.127659574;2.051899416;0.739339766
Cockatoo_office_Laila;Winter workdays;94.78;1.886792453;1.989912076;0.858981967
Cockatoo_office_Lorraine;Summer weekends;1.89;0;0;3.983888952
Cockatoo_office_Lorraine;Summer workdays;0;0;0;4.183433038
Cockatoo_office_Lorraine;Winter weekends;2.13;0;0;4.713988962
Cockatoo_office_Lorraine;Winter workdays;0;0;0;4.531479014
Cockatoo_office_Margaret;Summer weekends;100;1.666666667;1.64064883;0.658662453
Cockatoo_office_Margaret;Summer workdays;98.41;3.968253968;4.187143566;0.811919362
Cockatoo_office_Margaret;Winter weekends;97.87;4.255319149;3.59375723;0.800151179
Cockatoo_office_Margaret;Winter workdays;100;5.660377358;5.594468127;0.824581543
Cockatoo_office_Paige;Summer weekends;100;5.833333333;4.505073311;1.070944397
Cockatoo_office_Paige;Summer workdays;99.2;0.8;0.820564131;0.937297942
Cockatoo_office_Paige;Winter weekends;82.98;6.382978723;6.560739847;0.893154386
Cockatoo_office_Paige;Winter workdays;98.33;1.886792453;2.01959383;0.860337551
Cockatoo_office_Pansy;Summer weekends;94.34;1.739130435;1.537801657;1.046748224
Cockatoo_office_Pansy;Summer workdays;100;0;0;0.980347577
Cockatoo_office_Pansy;Winter weekends;100;6.382978723;5.911443264;1.115817504
Cockatoo_office_Pansy;Winter workdays;86.96;1.886792453;1.735211866;1.098142857
Cockatoo_office_Rodney;Summer weekends;92.45;1.769911504;1.500652635;1.27157174
Cockatoo_office_Rodney;Summer workdays;100;1.587301587;1.674851631;1.220859587
Cockatoo_office_Rodney;Winter weekends;68.09;10.63829787;9.85231824;1.490596532
Cockatoo_office_Rodney;Winter workdays;100;0;0;1.327247115
Cockatoo_office_Roxanna;Summer weekends;62.26;0.862068966;0.94727404;4.395828782
Cockatoo_office_Roxanna;Summer workdays;88.89;2.380952381;2.868044324;2.092006289
Cockatoo_office_Roxanna;Winter weekends;46.81;0;0;4.487806854
Cockatoo_office_Roxanna;Winter workdays;75.86;0;0;2.258088774
Fox_office_Alice;Summer weekends;100;0.877192982;0.735010531;0.399742734
Fox_office_Alice;Summer workdays;100;3.174603175;3.183382173;0.407540102
Fox_office_Alice;Winter weekends;100;4;4.281508226;0.342905085
Fox_office_Alice;Winter workdays;100;4.166666667;4.301294632;0.33178315
Fox_office_Bernard;Summer weekends;100;3.389830508;3.636939887;0.80169386
Fox_office_Bernard;Summer workdays;100;3.968253968;4.05138874;0.808575641
Fox_office_Bernard;Winter weekends;86;4;4.83023227;0.940715371
Fox_office_Bernard;Winter workdays;81.36;6.25;6.367213419;0.83309031
Fox_office_Berniece;Summer weekends;45.83;2.5;3.318896109;5.057092048
Fox_office_Berniece;Summer workdays;11.9;0;0;1.642897172
Fox_office_Berniece;Winter weekends;18;2;5.396706559;11.74950415
Fox_office_Berniece;Winter workdays;50;6.25;10.02822371;2.32065361
Fox_office_Brandy;Summer weekends;62.5;4.166666667;3.62542022;3.132026194
Fox_office_Brandy;Summer workdays;0.79;1.587301587;2.148542345;2.670430617
Fox_office_Brandy;Winter weekends;74;6;7.398244496;2.74839916
Fox_office_Brandy;Winter workdays;19.17;0;0;3.945512188
Fox_office_Carson;Summer weekends;100;5;3.508445367;1.71680758
Fox_office_Carson;Summer workdays;98.4;8;9.386377657;1.310296092
Fox_office_Carson;Winter weekends;42;2;2.536478085;1.692526818
Fox_office_Carson;Winter workdays;99.17;10.41666667;12.90398158;1.249976502
Fox_office_Clayton;Summer weekends;8.33;1.666666667;1.328337981;2.083534169
Fox_office_Clayton;Summer workdays;98.39;0;0;2.656562741
Fox_office_Clayton;Winter weekends;10;2;2.839792688;2.224723683
Fox_office_Clayton;Winter workdays;98.33;6.25;6.62210906;3.692594624
Fox_office_Demetrius;Summer weekends;0;0.833333333;1.446595041;4.758884231
Fox_office_Demetrius;Summer workdays;61.9;0;0;2.943012966
Fox_office_Demetrius;Winter weekends;0;8;13.42373047;7.829431968
Fox_office_Demetrius;Winter workdays;34.17;0;0;3.703563736
Fox_office_Easter;Summer weekends;100;5.833333333;6.496421705;4.228873896
Fox_office_Easter;Summer workdays;97.58;6.451612903;7.994135124;1.479577507
Fox_office_Easter;Winter weekends;98;2;2.260103236;1.706919167
Fox_office_Easter;Winter workdays;70.83;6.25;5.076640974;0.746328473
Fox_office_Edythe;Summer weekends;93.75;5;4.227930695;1.287054145
Fox_office_Edythe;Summer workdays;100;0.793650794;0.866259362;1.097311016
Fox_office_Edythe;Winter weekends;96;4;5.094615718;1.069795505
Fox_office_Edythe;Winter workdays;93.33;2.083333333;1.990765027;1.06727079
Fox_office_Essie;Summer weekends;2.08;1.801801802;1.985420531;2.985787957
Fox_office_Essie;Summer workdays;0;5.084745763;4.447586916;1.67379695
Fox_office_Essie;Winter weekends;4;0;0;4.009684083
Fox_office_Essie;Winter workdays;0;4.166666667;1.070433865;2.768451102
Fox_office_Gaylord;Summer weekends;93.75;5.084745763;4.661229106;1.634616642
Fox_office_Gaylord;Summer workdays;11.11;3.968253968;4.517258605;1.723498607
Fox_office_Gaylord;Winter weekends;20;6;5.878637815;1.758077516
Fox_office_Gaylord;Winter workdays;33.05;6.25;6.939692793;2.025928042
Fox_office_Israel;Summer weekends;100;0;0;1.511666591
Fox_office_Israel;Summer workdays;100;3.174603175;3.122192397;1.149253605
Fox_office_Israel;Winter weekends;90;0;0;1.252460263
Fox_office_Israel;Winter workdays;86.67;6.25;5.45971517;1.03414369
Fox_office_Joy;Summer weekends;100;5;4.784238912;0.808659354
Fox_office_Joy;Summer workdays;100;3.968253968;3.570724416;0.726665204
Fox_office_Joy;Winter weekends;100;4;3.433890707;0.848206568
Fox_office_Joy;Winter workdays;100;8.333333333;6.991389895;0.789185939
Fox_office_Juana;Summer weekends;52.08;0;0;5.990234061
Fox_office_Juana;Summer workdays;80.16;4.761904762;6.50107825;1.964587542
Fox_office_Juana;Winter weekends;84;4;5.393541349;2.917381462
Fox_office_Juana;Winter workdays;43.33;8.333333333;10.51662463;1.749459932
Fox_office_Karima;Summer weekends;0;5.042016807;6.235615595;2.319254795
Fox_office_Karima;Summer workdays;99.19;1.62601626;1.594197987;1.00293173
Fox_office_Karima;Winter weekends;0;10;10.79619283;1.433700214
Fox_office_Karima;Winter workdays;96.64;6.25;5.043964666;1.022312069
Fox_office_Margarita;Summer weekends;100;2.542372881;2.585011948;3.550322952
Fox_office_Margarita;Summer workdays;90.4;6.4;6.696578548;1.070198893
Fox_office_Margarita;Winter weekends;80;0;0;3.884564611
Fox_office_Margarita;Winter workdays;89.83;6.25;5.732612394;0.839256779
Fox_office_Molly;Summer weekends;0;3.333333333;5.316777477;10.57111489
Fox_office_Molly;Summer workdays;7.38;0.819672131;1.411046621;7.359372605
Fox_office_Molly;Winter weekends;2;6;8.146801147;7.006594779
Fox_office_Molly;Winter workdays;7.5;4.166666667;6.710307263;7.366336675
Fox_office_Rowena;Summer weekends;100;3.333333333;2.628633828;4.428510377
Fox_office_Rowena;Summer workdays;93.65;4.761904762;6.101020514;4.189886391
Fox_office_Rowena;Winter weekends;80;2;2.430006218;2.703150752
Fox_office_Rowena;Winter workdays;86.67;6.25;6.177094822;2.188373415
Fox_office_Sheila;Summer weekends;50;0.833333333;0.882123753;3.162491703
Fox_office_Sheila;Summer workdays;86.51;4.761904762;3.623139227;4.454723378
Fox_office_Sheila;Winter weekends;48;0;0;2.243192325
Fox_office_Sheila;Winter workdays;67.5;2.083333333;1.138771958;4.717069508
Fox_office_Susanne;Summer weekends;2.08;5.833333333;7.170302779;3.54112163
Fox_office_Susanne;Summer workdays;42.06;0;0;4.300051358
Fox_office_Susanne;Winter weekends;0;0;0;3.584291269
Fox_office_Susanne;Winter workdays;45;8.333333333;16.01499985;6.127353986
Fox_office_Thelma;Summer weekends;77.08;0.840336134;0.52236656;1.043857519
Fox_office_Thelma;Summer workdays;100;4.958677686;5.223493081;0.709766066
Fox_office_Thelma;Winter weekends;52;2;2.042690638;1.616325177
Fox_office_Thelma;Winter workdays;96.64;4.166666667;5.87730161;2.442307636
Fox_office_Vicki;Summer weekends;97.92;6.034482759;6.3072105;1.472715145
Fox_office_Vicki;Summer workdays;100;4;4.046163001;1.024457839
Fox_office_Vicki;Winter weekends;98;0;0;1.532872683
Fox_office_Vicki;Winter workdays;100;4.166666667;4.747208661;1.515582157
Fox_office_Yong;Summer weekends;33.33;0.840336134;0.866107745;2.184714491
Fox_office_Yong;Summer workdays;100;5.6;5.806640251;0.71447353
Fox_office_Yong;Winter weekends;34;0;0;4.797838661
Fox_office_Yong;Winter workdays;63.03;4.166666667;5.225895459;1.129746737
Fox_office_Zachary;Summer weekends;31.25;4.166666667;4.7070877;3.111319876
Fox_office_Zachary;Summer workdays;83.33;0;0;1.988556633
Fox_office_Zachary;Winter weekends;10;0;0;4.51349467
Fox_office_Zachary;Winter workdays;41.67;0;0;2.479584991
Hog_office_Alexis;Summer weekends;57.69;1.694915254;1.810680875;2.218954243
Hog_office_Alexis;Summer workdays;4.72;5.511811024;5.96631369;5.123134153
Hog_office_Alexis;Winter weekends;84;8;8.033084104;1.545746918
Hog_office_Alexis;Winter workdays;55.08;3.846153846;4.727707876;4.491023492
Hog_office_Alisha;Summer weekends;100;1.652892562;1.728860998;1.500399713
Hog_office_Alisha;Summer workdays;87.4;7.086614173;7.041564534;2.340158422
Hog_office_Alisha;Winter weekends;96;2;1.606742254;1.377026176
Hog_office_Alisha;Winter workdays;75.21;9.615384615;8.366411562;2.427872771
Hog_office_Almeda;Summer weekends;42.31;3.305785124;3.437745951;1.693559995
Hog_office_Almeda;Summer workdays;79.53;4.724409449;4.879459497;1.748742082
Hog_office_Almeda;Winter weekends;40;0;0;2.212591542
Hog_office_Almeda;Winter workdays;91.74;0;0;2.228529911
Hog_office_Bessie;Summer weekends;88.46;1.851851852;1.7568218;0.898051813
Hog_office_Bessie;Summer workdays;98.43;3.149606299;3.767463023;1.460517935
Hog_office_Bessie;Winter weekends;98;2;1.968338095;0.924004467
Hog_office_Bessie;Winter workdays;100;7.692307692;9.547174736;1.639421912
Hog_office_Betsy;Summer weekends;30.77;9.090909091;15.50340804;2.854692822
Hog_office_Betsy;Summer workdays;57.48;0;0;7.560374308
Hog_office_Betsy;Winter weekends;46;2;3.649954621;3.023685714
Hog_office_Betsy;Winter workdays;80.17;1.923076923;4.435133074;9.734398062
Hog_office_Bill;Summer weekends;94.23;9.900990099;13.57954763;1.335541992
Hog_office_Bill;Summer workdays;96.03;5.555555556;4.331549843;1.883933289
Hog_office_Bill;Winter weekends;96;4;4.395524423;0.731490625
Hog_office_Bill;Winter workdays;93.07;3.846153846;2.05594086;2.493344054
Hog_office_Buford;Summer weekends;96.15;6.611570248;11.56899922;2.979921342
Hog_office_Buford;Summer workdays;7.87;5.511811024;10.22688518;3.295548312
Hog_office_Buford;Winter weekends;92;12;26.25367641;1.844851715
Hog_office_Buford;Winter workdays;16.53;7.692307692;17.59540152;1.275724062
Hog_office_Byron;Summer weekends;100;6.140350877;6.145819341;0.288656021
Hog_office_Byron;Summer workdays;100;5.64516129;4.904168455;0.546692751
Hog_office_Byron;Winter weekends;100;2;1.922851805;0.272529599
Hog_office_Byron;Winter workdays;100;7.692307692;6.560318609;0.388796738
Hog_office_Candi;Summer weekends;96.15;6.194690265;6.174804986;0.719741172
Hog_office_Candi;Summer workdays;100;6.4;6.354152326;0.764455649
Hog_office_Candi;Winter weekends;96;2;2.020064708;0.611170402
Hog_office_Candi;Winter workdays;98.23;1.923076923;1.941258192;0.665722077
Hog_office_Carri;Summer weekends;98.08;5.217391304;5.7294052;1.076133621
Hog_office_Carri;Summer workdays;96.85;0.787401575;0.774087572;2.632150682
Hog_office_Carri;Winter weekends;98;4;4.376383675;0.789645946
Hog_office_Carri;Winter workdays;96.52;0;0;2.168884502
Hog_office_Catalina;Summer weekends;51.92;0.833333333;1.03905385;3.189740695
Hog_office_Catalina;Summer workdays;95.28;5.511811024;18.1158217;3.523477797
Hog_office_Catalina;Winter weekends;36;4;4.759234461;3.419280589
Hog_office_Catalina;Winter workdays;85;5.769230769;25.80076239;5.729445494
Hog_office_Catharine;Summer weekends;61.54;6.666666667;8.375999876;1.124328956
Hog_office_Catharine;Summer workdays;66.14;0;0;3.030825844
Hog_office_Catharine;Winter weekends;92;6;7.944507884;0.97510035
Hog_office_Catharine;Winter workdays;94.17;0;0;2.848371162
Hog_office_Charla;Summer weekends;100;4.237288136;3.864894261;0.493073365
Hog_office_Charla;Summer workdays;100;4.724409449;4.991641796;0.489592958
Hog_office_Charla;Winter weekends;100;6;5.521332395;0.39134757
Hog_office_Charla;Winter workdays;100;3.846153846;4.292588479;0.470795519
Hog_office_Clemencia;Summer weekends;100;5.084745763;4.741307541;0.691363238
Hog_office_Clemencia;Summer workdays;98.41;4.761904762;5.039874672;0.747750318
Hog_office_Clemencia;Winter weekends;100;6;6.120539382;0.456849678
Hog_office_Clemencia;Winter workdays;99.15;5.769230769;5.955146122;0.443778975
Hog_office_Concetta;Summer weekends;88.46;3.418803419;4.696188128;2.240875566
Hog_office_Concetta;Summer workdays;0;2.362204724;3.399464807;5.832689428
Hog_office_Concetta;Winter weekends;78;4;6.394143797;2.658855956
Hog_office_Concetta;Winter workdays;1.71;5.769230769;13.55307222;8.242763035
Hog_office_Cordelia;Summer weekends;51.92;3.47826087;3.823614506;1.629325533
Hog_office_Cordelia;Summer workdays;6.3;4.724409449;5.754709879;4.15609813
Hog_office_Cordelia;Winter weekends;46;6;8.251353186;1.914904819
Hog_office_Cordelia;Winter workdays;7.83;0;0;10.29450258
Hog_office_Corey;Summer weekends;3.85;4.237288136;3.854021308;1.086156156
Hog_office_Corey;Summer workdays;98.43;7.086614173;6.774411982;1.33137835
Hog_office_Corey;Winter weekends;12;0;0;2.261605694
Hog_office_Corey;Winter workdays;98.31;11.53846154;16.86630264;2.446048748
Hog_office_Corie;Summer weekends;61.54;2.479338843;2.561894977;1.262979401
Hog_office_Corie;Summer workdays;99.21;3.937007874;4.88291392;1.592357594
Hog_office_Corie;Winter weekends;24;6;6.560919061;1.349853192
Hog_office_Corie;Winter workdays;100;5.769230769;6.923436386;1.463921981
Hog_office_Cornell;Summer weekends;96.15;5.309734513;7.319742112;0.696709495
Hog_office_Cornell;Summer workdays;94.49;2.362204724;3.104057977;3.454026448
Hog_office_Cornell;Winter weekends;90;2;2.931431336;0.680554039
Hog_office_Cornell;Winter workdays;100;3.846153846;5.733955003;3.959349721
Hog_office_Darline;Summer weekends;100;5.785123967;5.874837456;0.481930626
Hog_office_Darline;Summer workdays;6.3;6.299212598;5.994845004;0.624965597
Hog_office_Darline;Winter weekends;100;6;5.351454772;0.548429081
Hog_office_Darline;Winter workdays;3.31;3.846153846;3.893691782;0.568753703
Hog_office_Denita;Summer weekends;50;5.940594059;5.734467899;0.952010853
Hog_office_Denita;Summer workdays;45.67;2.362204724;2.53899794;3.007628864
Hog_office_Denita;Winter weekends;50;12;13.8594693;1.518357262
Hog_office_Denita;Winter workdays;56.44;5.769230769;7.821400581;5.938405654
Hog_office_Elizbeth;Summer weekends;100;3.448275862;3.265758315;0.570568037
Hog_office_Elizbeth;Summer workdays;100;2.4;2.576928393;0.700777745
Hog_office_Elizbeth;Winter weekends;100;4;4.186179863;0.375354113
Hog_office_Elizbeth;Winter workdays;100;0;0;0.586326403
Hog_office_Elke;Summer weekends;90.38;3.47826087;2.963910551;1.165934325
Hog_office_Elke;Summer workdays;45.24;0.793650794;0.915041675;1.430919065
Hog_office_Elke;Winter weekends;94;4;4.016298021;1.069189593
Hog_office_Elke;Winter workdays;53.04;1.923076923;2.370694056;1.464297811
Hog_office_Elnora;Summer weekends;98.08;3.305785124;4.017592669;0.975574609
Hog_office_Elnora;Summer workdays;33.86;7.086614173;5.07487073;1.704399374
Hog_office_Elnora;Winter weekends;100;6;7.15296178;0.797713527
Hog_office_Elnora;Winter workdays;42.98;3.846153846;2.588304793;1.701345617
Hog_office_Eloise;Summer weekends;100;5.882352941;5.761845254;0.374929199
Hog_office_Eloise;Summer workdays;100;1.587301587;1.667341473;0.377327148
Hog_office_Eloise;Winter weekends;100;4;3.910322738;0.352036717
Hog_office_Eloise;Winter workdays;100;3.846153846;4.161704315;0.393135676
Hog_office_Elsy;Summer weekends;98.08;5.084745763;4.905553733;1.259988499
Hog_office_Elsy;Summer workdays;94.49;3.149606299;3.867931068;1.796863838
Hog_office_Elsy;Winter weekends;98;2;2.017796116;1.039875167
Hog_office_Elsy;Winter workdays;97.46;5.769230769;7.396993264;1.307215492
Hog_office_Emmanuel;Summer weekends;86.54;2.479338843;2.587131467;1.183335122
Hog_office_Emmanuel;Summer workdays;100;4;4.385513346;1.297632212
Hog_office_Emmanuel;Winter weekends;0;4;3.805012634;1.199405068
Hog_office_Emmanuel;Winter workdays;100;5.769230769;6.280353023;1.380934768
Hog_office_Garrett;Summer weekends;76.92;13.88888889;19.16819021;1.764938929
Hog_office_Garrett;Summer workdays;80.31;1.57480315;2.75304479;2.867580092
Hog_office_Garrett;Winter weekends;54;6;9.599377037;2.009734461
Hog_office_Garrett;Winter workdays;93.52;5.769230769;11.65231382;2.973951842
Hog_office_Guadalupe;Summer weekends;71.15;1.754385965;1.917725851;1.576778331
Hog_office_Guadalupe;Summer workdays;49.61;3.149606299;3.145108915;2.263813461
Hog_office_Guadalupe;Winter weekends;64;4;5.282001209;2.138937351
Hog_office_Guadalupe;Winter workdays;54.39;3.846153846;6.253986743;2.305404629
Hog_office_Gustavo;Summer weekends;96.15;6.611570248;6.628844076;0.525165727
Hog_office_Gustavo;Summer workdays;100;6.299212598;6.286784491;0.505456054
Hog_office_Gustavo;Winter weekends;100;2;1.727908112;0.648292048
Hog_office_Gustavo;Winter workdays;100;5.769230769;6.156430896;0.478191935
Hog_office_Joey;Summer weekends;76.92;4.166666667;6.185752038;1.450480943
Hog_office_Joey;Summer workdays;70.08;0;0;3.530733475
Hog_office_Joey;Winter weekends;80;4;5.471215885;1.579791088
Hog_office_Joey;Winter workdays;85.83;5.769230769;9.501864656;2.877589046
Hog_office_Josefina;Summer weekends;100;2.608695652;2.596795769;0.729084509
Hog_office_Josefina;Summer workdays;100;2.362204724;2.41882301;0.70932086
Hog_office_Josefina;Winter weekends;94;4;4.522519195;0.64606612
Hog_office_Josefina;Winter workdays;100;5.769230769;5.959501778;0.511205116
Hog_office_Lanell;Summer weekends;7.69;4.504504505;4.301942676;1.468413481
Hog_office_Lanell;Summer workdays;65.08;5.555555556;5.725066704;1.395149782
Hog_office_Lanell;Winter weekends;6;2;3.795950238;1.854548298
Hog_office_Lanell;Winter workdays;47.75;5.769230769;6.195175146;1.462097461
Hog_office_Lavon;Summer weekends;38.46;2.479338843;34.8509501;11.21310068
Hog_office_Lavon;Summer workdays;18.9;2.362204724;6.934093446;19.80229337
Hog_office_Lavon;Winter weekends;72;10;73.14147548;9.382631231
Hog_office_Lavon;Winter workdays;12.4;1.923076923;6.814444992;25.58678182
Hog_office_Leanne;Summer weekends;100;4.347826087;4.345799813;0.54697806
Hog_office_Leanne;Summer workdays;100;2.380952381;2.403010682;0.521117719
Hog_office_Leanne;Winter weekends;100;4;3.970685594;0.475920625
Hog_office_Leanne;Winter workdays;100;0;0;0.461350133
Hog_office_Leon;Summer weekends;1.92;4.166666667;5.890890036;2.832599181
Hog_office_Leon;Summer workdays;18.11;2.362204724;4.243929802;6.418703064
Hog_office_Leon;Winter weekends;0;8;8.746448658;1.989208108
Hog_office_Leon;Winter workdays;73.33;1.923076923;3.31692847;4.745259277
Hog_office_Lizzie;Summer weekends;38.46;6.611570248;6.610861751;1.241052699
Hog_office_Lizzie;Summer workdays;97.46;6.779661017;6.716570773;1.101129709
Hog_office_Lizzie;Winter weekends;30;6;6.194722656;1.364605994
Hog_office_Lizzie;Winter workdays;99.17;5.769230769;6.668313225;1.04572448
Hog_office_Mack;Summer weekends;100;1.666666667;1.721586527;1.070681284
Hog_office_Mack;Summer workdays;100;0.787401575;0.879225258;1.720607148
Hog_office_Mack;Winter weekends;98;4;4.160250154;0.927714736
Hog_office_Mack;Winter workdays;100;5.769230769;6.504558188;1.530287779
Hog_office_Man;Summer weekends;98.08;7.627118644;6.193882649;1.252663885
Hog_office_Man;Summer workdays;97.64;2.362204724;2.516974758;2.120416753
Hog_office_Man;Winter weekends;88;8;6.836458404;1.219607963
Hog_office_Man;Winter workdays;96.61;7.692307692;9.736722651;2.32025724
Hog_office_Mari;Summer weekends;11.54;5.084745763;6.791345716;1.842999685
Hog_office_Mari;Summer workdays;72.44;2.362204724;2.936419587;4.11473962
Hog_office_Mari;Winter weekends;26;6;6.980424795;1.569283717
Hog_office_Mari;Winter workdays;92.37;3.846153846;5.559378221;4.672097962
Hog_office_Marilyn;Summer weekends;100;1.652892562;1.371035369;1.360371579
Hog_office_Marilyn;Summer workdays;91.34;1.57480315;1.417847115;1.630443432
Hog_office_Marilyn;Winter weekends;98;4;3.908023343;0.798533696
Hog_office_Marilyn;Winter workdays;88.43;7.692307692;9.008831911;1.211870625
Hog_office_Marlena;Summer weekends;92.31;2.631578947;2.516451361;0.668706757
Hog_office_Marlena;Summer workdays;0;5.691056911;6.005174252;0.861094509
Hog_office_Marlena;Winter weekends;98;4;15.08996402;2.660089767
Hog_office_Marlena;Winter workdays;0;3.846153846;3.80503155;1.062172279
Hog_office_Marlene;Summer weekends;78.85;1.724137931;1.495232119;1.069920314
Hog_office_Marlene;Summer workdays;3.94;0.787401575;0.692740774;2.724807622
Hog_office_Marlene;Winter weekends;60;10;10.95901599;1.122170494
Hog_office_Marlene;Winter workdays;6.9;0;0;2.535094872
Hog_office_Mary;Summer weekends;92.31;3.50877193;3.212368382;1.048924728
Hog_office_Mary;Summer workdays;99.21;3.937007874;4.871586698;1.344547287
Hog_office_Mary;Winter weekends;98;4;4.153732682;0.955154058
Hog_office_Mary;Winter workdays;99.12;5.769230769;10.14693824;1.513743775
Hog_office_Merilyn;Summer weekends;96.15;4.166666667;4.890807209;1.4179352
Hog_office_Merilyn;Summer workdays;89.76;0.787401575;0.639448674;3.021555518
Hog_office_Merilyn;Winter weekends;94;4;5.006055556;1.122403875
Hog_office_Merilyn;Winter workdays;94.17;0;0;2.865244776
Hog_office_Migdalia;Summer weekends;86.54;2.521008403;2.120189756;1.746227924
Hog_office_Migdalia;Summer workdays;92.8;6.4;8.019741293;4.463549113
Hog_office_Migdalia;Winter weekends;58;6;6.826744203;2.064815618
Hog_office_Migdalia;Winter workdays;100;3.846153846;6.163974377;5.285622883
Hog_office_Mike;Summer weekends;94.23;0;0;1.264600907
Hog_office_Mike;Summer workdays;97.64;3.149606299;3.980448015;1.846530628
Hog_office_Mike;Winter weekends;94;2;3.266546071;1.310512145
Hog_office_Mike;Winter workdays;99.17;3.846153846;4.490962149;1.367965622
Hog_office_Miriam;Summer weekends;84.62;3.361344538;3.385106082;1.465613319
Hog_office_Miriam;Summer workdays;96.06;2.362204724;2.163071316;2.442924471
Hog_office_Miriam;Winter weekends;66;4;3.955298528;1.268403884
Hog_office_Miriam;Winter workdays;90.76;0;0;2.501406672
Hog_office_Myles;Summer weekends;96.15;4.347826087;4.108115806;0.932447065
Hog_office_Myles;Summer workdays;2.38;3.174603175;3.416624561;1.263653795
Hog_office_Myles;Winter weekends;96;4;3.492252602;0.962328266
Hog_office_Myles;Winter workdays;5.22;1.923076923;1.616333234;0.982582142
Hog_office_Nancie;Summer weekends;90.38;4.310344828;4.476092415;1.38401819
Hog_office_Nancie;Summer workdays;52.76;0.787401575;0.991095668;1.941078812
Hog_office_Nancie;Winter weekends;88;6;6.179325267;1.043841176
Hog_office_Nancie;Winter workdays;4.31;3.846153846;3.871298221;1.380366857
Hog_office_Napoleon;Summer weekends;100;3.738317757;3.47906439;0.973071174
Hog_office_Napoleon;Summer workdays;99.21;4.724409449;4.157254394;1.176320097
Hog_office_Napoleon;Winter weekends;84;2;1.799874501;1.261114663
Hog_office_Napoleon;Winter workdays;100;5.769230769;6.746822994;0.974457794
Hog_office_Nia;Summer weekends;61.54;6.611570248;9.045929527;1.099504264
Hog_office_Nia;Summer workdays;76.38;0;0;4.755645849
Hog_office_Nia;Winter weekends;84;8;10.19257344;0.977767513
Hog_office_Nia;Winter workdays;94.21;1.923076923;3.462992118;5.18499029
Hog_office_Patrick;Summer weekends;86.54;2.586206897;2.880340781;2.04363515
Hog_office_Patrick;Summer workdays;50.39;2.362204724;3.073770792;3.232309105
Hog_office_Patrick;Winter weekends;80;6;6.107511345;1.419060007
Hog_office_Patrick;Winter workdays;27.59;3.846153846;3.870247837;2.908033478
Hog_office_Randi;Summer weekends;94.23;5.084745763;6.546496482;1.197079647
Hog_office_Randi;Summer workdays;20.47;3.149606299;3.559260076;3.477361058
Hog_office_Randi;Winter weekends;98;6;6.106662097;0.733485083
Hog_office_Randi;Winter workdays;94.07;3.846153846;5.506526644;1.968994137
Hog_office_Richelle;Summer weekends;71.15;3.418803419;3.529819737;0.657960272
Hog_office_Richelle;Summer workdays;100;5.555555556;5.630143388;0.745834862
Hog_office_Richelle;Winter weekends;88;2;2.06638365;0.465967634
Hog_office_Richelle;Winter workdays;100;5.769230769;5.887248412;0.663496331
Hog_office_Roger;Summer weekends;92.31;0.826446281;0.547339685;1.254825398
Hog_office_Roger;Summer workdays;80.33;4.918032787;4.847644815;1.103112459
Hog_office_Roger;Winter weekends;94;8;6.59641746;0.843304527
Hog_office_Roger;Winter workdays;62.81;7.692307692;5.259283031;1.134540563
Hog_office_Rolando;Summer weekends;100;4.132231405;3.678503115;0.346864379
Hog_office_Rolando;Summer workdays;87.4;3.937007874;4.09575456;0.382340359
Hog_office_Rolando;Winter weekends;100;0;0;0.254359784
Hog_office_Rolando;Winter workdays;82.64;3.846153846;4.119355792;0.3057591
Hog_office_Sarah;Summer weekends;100;5.084745763;5.110454244;0.331196231
Hog_office_Sarah;Summer workdays;100;3.149606299;3.211784882;0.362812211
Hog_office_Sarah;Winter weekends;100;4;4.036868064;0.277975921
Hog_office_Sarah;Winter workdays;97.46;5.769230769;5.962367245;0.30788659
Hog_office_Shawna;Summer weekends;3.85;5.084745763;4.922533041;0.90512383
Hog_office_Shawna;Summer workdays;88.89;4.761904762;5.221262383;1.434338101
Hog_office_Shawna;Winter weekends;0;6;6.633210001;1.181572318
Hog_office_Shawna;Winter workdays;94.07;5.769230769;10.05836631;2.790831333
Hog_office_Shawnna;Summer weekends;63.46;5.93220339;6.500504607;1.192288873
Hog_office_Shawnna;Summer workdays;99.21;0;0;2.2658267
Hog_office_Shawnna;Winter weekends;32;2;2.537845964;2.094800172
Hog_office_Shawnna;Winter workdays;99.15;3.846153846;3.854245884;3.935930037
Hog_office_Sherrie;Summer weekends;82.69;1.680672269;1.551030637;1.307540153
Hog_office_Sherrie;Summer workdays;27.56;2.362204724;2.637038919;3.375893663
Hog_office_Sherrie;Winter weekends;52;6;6.137407972;1.566063889
Hog_office_Sherrie;Winter workdays;31.09;0;0;4.304083825
Hog_office_Shon;Summer weekends;98.08;4.132231405;4.064072654;1.155046535
Hog_office_Shon;Summer workdays;100;3.149606299;3.222125981;1.180541161
Hog_office_Shon;Winter weekends;100;6;6.768116029;0.81669355
Hog_office_Shon;Winter workdays;100;7.692307692;8.928986947;0.829354354
Hog_office_Simon;Summer weekends;44.23;3.418803419;3.714276601;4.236967985
Hog_office_Simon;Summer workdays;13.39;2.362204724;2.592461511;2.114616442
Hog_office_Simon;Winter weekends;24;2;2.88816059;8.093068744
Hog_office_Simon;Winter workdays;20.51;0;0;2.067437867
Hog_office_Sonny;Summer weekends;96.15;7.142857143;8.396568403;0.821162189
Hog_office_Sonny;Summer workdays;92.91;3.149606299;3.973190834;2.394328624
Hog_office_Sonny;Winter weekends;96;6;7.538241505;1.036572546
Hog_office_Sonny;Winter workdays;100;3.846153846;5.476234237;2.431785576
Hog_office_Sung;Summer weekends;78.85;2.5;2.625155292;0.758925453
Hog_office_Sung;Summer workdays;84.25;0;0;3.103650883
Hog_office_Sung;Winter weekends;98;4;4.110529672;0.657594691
Hog_office_Sung;Winter workdays;99.17;0;0;2.922228116
Hog_office_Sydney;Summer weekends;100;5.982905983;5.89511046;0.639863486
Hog_office_Sydney;Summer workdays;98.41;2.380952381;2.048783772;0.749044066
Hog_office_Sydney;Winter weekends;90;4;3.805343012;0.739948066
Hog_office_Sydney;Winter workdays;100;3.846153846;4.159899816;0.776333963
Hog_office_Terry;Summer weekends;46.15;4.958677686;12.98419571;2.993699187
Hog_office_Terry;Summer workdays;53.54;0.787401575;0.505931101;6.955826317
Hog_office_Terry;Winter weekends;76;8;21.39204207;3.369673724
Hog_office_Terry;Winter workdays;71.07;5.769230769;6.393775611;8.396998337
Hog_office_Valda;Summer weekends;94.23;0.854700855;0.609952696;1.510161999
Hog_office_Valda;Summer workdays;7.87;3.937007874;4.671130366;2.146439791
Hog_office_Valda;Winter weekends;82;0;0;1.305058549
Hog_office_Valda;Winter workdays;4.27;3.846153846;6.017894148;1.922863428
Hog_office_Vera;Summer weekends;57.69;1.785714286;2.065010078;2.185375782
Hog_office_Vera;Summer workdays;78.86;1.62601626;1.784984525;1.157023702
Hog_office_Vera;Winter weekends;48;2;2.76279896;3.866885496
Hog_office_Vera;Winter workdays;89.29;7.692307692;10.94436175;1.345190379
Panther_office_Antonette;Summer weekends;1.96;7.627118644;5.01868751;2.327434139
Panther_office_Antonette;Summer workdays;0;4.032258065;3.459946629;3.402131032
Panther_office_Antonette;Winter weekends;0;4.081632653;2.713298351;1.941905376
Panther_office_Antonette;Winter workdays;5.08;0;0;3.42404921
Panther_office_Brent;Summer weekends;0;5.93220339;4.917189058;10.63497186
Panther_office_Brent;Summer workdays;41.46;2.43902439;3.030999208;5.817883367
Panther_office_Brent;Winter weekends;6.12;6.12244898;7.263460358;13.98734117
Panther_office_Brent;Winter workdays;27.97;0;0;5.55479764
Panther_office_Catherine;Summer weekends;27.45;5.084745763;7.063877739;4.281395392
Panther_office_Catherine;Summer workdays;95.16;0;0;3.371415147
Panther_office_Catherine;Winter weekends;0;4.081632653;6.936518309;5.723076748
Panther_office_Catherine;Winter workdays;94.07;5.882352941;6.184601024;4.594112424
Panther_office_Christian;Summer weekends;11.76;1.724137931;1.932962967;2.800481929
Panther_office_Christian;Summer workdays;10.48;0;0;3.141834626
Panther_office_Christian;Winter weekends;6.12;0;0;3.010324928
Panther_office_Christian;Winter workdays;6.03;0;0;3.071599232
Panther_office_Clementine;Summer weekends;84.31;1.869158879;2.518086034;2.865364692
Panther_office_Clementine;Summer workdays;86.29;3.225806452;3.691786618;1.605329104
Panther_office_Clementine;Winter weekends;91.84;0;0;2.632544447
Panther_office_Clementine;Winter workdays;97.2;5.882352941;6.490575983;1.452071307
Panther_office_Danica;Summer weekends;21.57;5.128205128;4.919353517;8.51339418
Panther_office_Danica;Summer workdays;17.89;4.06504065;3.111310256;6.508252095
Panther_office_Danica;Winter weekends;4.08;6.12244898;7.674799266;8.94010776
Panther_office_Danica;Winter workdays;16.24;0;0;7.062688039
Panther_office_Garth;Summer weekends;5.88;4.385964912;4.672263597;1.369279139
Panther_office_Garth;Summer workdays;22.76;3.25203252;3.465212011;1.37023062
Panther_office_Garth;Winter weekends;4.08;6.12244898;8.160141591;2.293546278
Panther_office_Garth;Winter workdays;64.91;5.882352941;5.922297345;2.380017345
Panther_office_Graham;Summer weekends;100;2.631578947;2.367452136;0.686989219
Panther_office_Graham;Summer workdays;100;5.64516129;4.895205123;0.963139053
Panther_office_Graham;Winter weekends;34.69;4.081632653;2.826438025;0.733243998
Panther_office_Graham;Winter workdays;100;5.882352941;5.319463549;0.701276465
Panther_office_Hannah;Summer weekends;0;6.779661017;7.421277886;6.365379867
Panther_office_Hannah;Summer workdays;4.84;3.225806452;2.899202394;7.250424035
Panther_office_Hannah;Winter weekends;2.04;2.040816327;3.408605618;6.123999639
Panther_office_Hannah;Winter workdays;4.24;0;0;9.455012261
Panther_office_Jeane;Summer weekends;21.57;1.694915254;2.192345144;6.669941745
Panther_office_Jeane;Summer workdays;72.58;0.806451613;1.060903418;3.566246853
Panther_office_Jeane;Winter weekends;34.69;0;0;8.92566027
Panther_office_Jeane;Winter workdays;61.86;3.921568627;8.229185289;4.878899235
Panther_office_Jesus;Summer weekends;49.02;4.385964912;4.578807008;1.782697435
Panther_office_Jesus;Summer workdays;100;1.769911504;1.911010819;1.501819709
Panther_office_Jesus;Winter weekends;22.45;0;0;2.208804308
Panther_office_Jesus;Winter workdays;99.12;3.921568627;4.264271023;2.456102353
Panther_office_Karla;Summer weekends;82.35;7.627118644;6.609605893;2.763772666
Panther_office_Karla;Summer workdays;98.35;4.132231405;4.379089217;1.491031879
Panther_office_Karla;Winter weekends;81.63;8.163265306;17.73712053;1.930766427
Panther_office_Karla;Winter workdays;58.47;5.882352941;7.969418789;1.647971828
Panther_office_Kristen;Summer weekends;82.35;4.237288136;2.470490074;1.533547776
Panther_office_Kristen;Summer workdays;84.68;4.838709677;3.013651234;1.488715325
Panther_office_Kristen;Winter weekends;91.84;8.163265306;5.728390976;1.354782304
Panther_office_Kristen;Winter workdays;53.39;13.7254902;9.332893581;1.583112721
Panther_office_Larry;Summer weekends;54.9;0.847457627;1.228988286;4.434912215
Panther_office_Larry;Summer workdays;83.61;3.278688525;2.983016229;1.997596739
Panther_office_Larry;Winter weekends;55.1;0;0;9.23660643
Panther_office_Larry;Winter workdays;54.24;1.960784314;2.225247747;6.367477813
Panther_office_Lauretta;Summer weekends;100;4.310344828;4.007374911;1.970057098
Panther_office_Lauretta;Summer workdays;59.68;4.032258065;3.465440035;1.609627354
Panther_office_Lauretta;Winter weekends;93.88;0;0;2.189601158
Panther_office_Lauretta;Winter workdays;83.62;0;0;1.71364824
Panther_office_Lavinia;Summer weekends;90.2;2.542372881;3.110200961;2.298533869
Panther_office_Lavinia;Summer workdays;86.55;4.201680672;4.689919758;1.02086374
Panther_office_Lavinia;Winter weekends;71.43;0;0;3.37060767
Panther_office_Lavinia;Winter workdays;52.54;5.882352941;7.672324847;1.13793445
Panther_office_Lois;Summer weekends;100;1.694915254;1.26594303;0.651201495
Panther_office_Lois;Summer workdays;0.81;4.032258065;3.524170488;0.461939106
Panther_office_Lois;Winter weekends;95.92;4.081632653;3.029806467;0.600233111
Panther_office_Lois;Winter workdays;11.02;3.921568627;3.079989535;0.389753517
Panther_office_Otto;Summer weekends;100;0.847457627;0.826602534;2.163419675
Panther_office_Otto;Summer workdays;100;6.086956522;6.903358711;1.089105739
Panther_office_Otto;Winter weekends;93.88;0;0;2.172061031
Panther_office_Otto;Winter workdays;100;0;0;1.357908651
Panther_office_Patti;Summer weekends;98.04;0.862068966;0.72214945;1.926262794
Panther_office_Patti;Summer workdays;96.64;4.201680672;4.096768538;1.206473703
Panther_office_Patti;Winter weekends;71.43;8.163265306;8.619972251;2.382878285
Panther_office_Patti;Winter workdays;98.28;3.921568627;3.402744332;1.29818326
Panther_office_Ruthie;Summer weekends;98.04;1.694915254;1.951899793;1.284111482
Panther_office_Ruthie;Summer workdays;69.35;1.612903226;1.603794383;1.255986136
Panther_office_Ruthie;Winter weekends;79.59;2.040816327;2.217629935;1.403752421
Panther_office_Ruthie;Winter workdays;50.85;0;0;1.297790672
Panther_office_Shauna;Summer weekends;58.82;0.869565217;1.072567089;3.456664252
Panther_office_Shauna;Summer workdays;90.76;0.840336134;0.908686448;1.602571541
Panther_office_Shauna;Winter weekends;55.1;0;0;8.684852177
Panther_office_Shauna;Winter workdays;71.3;3.921568627;5.865821669;2.263286191
Panther_office_Taryn;Summer weekends;82.35;3.389830508;2.045033076;0.992486405
Panther_office_Taryn;Summer workdays;100;1.652892562;1.140213698;0.689815634
Panther_office_Taryn;Winter weekends;91.84;4.081632653;2.94875105;0.855572731
Panther_office_Taryn;Winter workdays;96.61;3.921568627;3.667348016;0.546154006
Panther_office_Valarie;Summer weekends;23.53;3.418803419;2.785775724;3.288668147
Panther_office_Valarie;Summer workdays;17.89;2.43902439;2.578386551;3.162704793
Panther_office_Valarie;Winter weekends;53.06;8.163265306;9.838109261;2.642824865
Panther_office_Valarie;Winter workdays;5.98;0;0;3.223929915
Peacock_office_Annie;Summer weekends;39.62;3.418803419;4.232188703;2.917421782
Peacock_office_Annie;Summer workdays;84.13;3.968253968;3.668826952;2.88710661
Peacock_office_Annie;Winter weekends;40;8;11.26020111;3.472921546
Peacock_office_Annie;Winter workdays;95.73;3.773584906;2.655886081;4.171914292
Peacock_office_Burl;Summer weekends;100;3.361344538;3.076925033;2.967988072
Peacock_office_Burl;Summer workdays;78.57;3.968253968;3.904875305;1.219858051
Peacock_office_Burl;Winter weekends;98;2;2.253613653;2.838908787
Peacock_office_Burl;Winter workdays;69.75;7.547169811;8.620436902;0.742467427
Peacock_office_Dara;Summer weekends;26.42;3.305785124;3.512862125;2.348016454
Peacock_office_Dara;Summer workdays;88.8;3.2;3.16204576;4.682337995
Peacock_office_Dara;Winter weekends;0;8;8.413590115;2.809803558
Peacock_office_Dara;Winter workdays;87.6;0;0;6.147674926
Peacock_office_Effie;Summer weekends;92.45;0.854700855;0.782146749;2.15615618
Peacock_office_Effie;Summer workdays;93.65;5.555555556;6.531787407;1.676024395
Peacock_office_Effie;Winter weekends;38;4;5.11330075;2.489738018
Peacock_office_Effie;Winter workdays;94.87;5.660377358;6.089212508;1.56585383
Peacock_office_Elton;Summer weekends;100;1.694915254;1.639684229;0.898957134
Peacock_office_Elton;Summer workdays;99.21;3.174603175;3.202460896;0.754915998
Peacock_office_Elton;Winter weekends;100;4;3.137464788;0.789993219
Peacock_office_Elton;Winter workdays;97.46;3.773584906;4.196435467;0.634805562
Peacock_office_Julian;Summer weekends;45.28;4.237288136;4.631882347;2.912856629
Peacock_office_Julian;Summer workdays;18.4;4;4.787290225;2.6903066
Peacock_office_Julian;Winter weekends;2;6;8.070234703;4.110235046
Peacock_office_Julian;Winter workdays;30.51;5.660377358;9.970939865;3.983915902
Peacock_office_Major;Summer weekends;100;1.709401709;1.727973749;0.671550657
Peacock_office_Major;Summer workdays;95.9;8.196721311;7.88332112;0.598371507
Peacock_office_Major;Winter weekends;100;10;9.998648218;0.641926354
Peacock_office_Major;Winter workdays;74.36;5.660377358;5.713962983;0.619113447
Peacock_office_Norman;Summer weekends;71.7;5.785123967;5.972702841;2.28065927
Peacock_office_Norman;Summer workdays;76.98;1.587301587;2.047691755;2.089221496
Peacock_office_Norman;Winter weekends;56;8;10.32713183;2.262999601
Peacock_office_Norman;Winter workdays;87.6;1.886792453;2.101739488;1.550145196
Rat_office_Adele;Summer weekends;98.08;4.098360656;6.929056836;1.617414169
Rat_office_Adele;Summer workdays;73.02;4.761904762;4.857616682;1.30769402
Rat_office_Adele;Winter weekends;56;4;7.002796898;1.606080643
Rat_office_Adele;Winter workdays;37.7;7.692307692;11.5061453;1.400527886
Rat_office_Annis;Summer weekends;92.31;4.918032787;7.17434759;1.01214963
Rat_office_Annis;Summer workdays;30.95;3.174603175;2.023870642;3.008047453
Rat_office_Annis;Winter weekends;100;6;9.916537656;1.077006682
Rat_office_Annis;Winter workdays;4.92;3.846153846;2.538334996;2.970949235
Rat_office_Arron;Summer weekends;69.23;2.5;3.380932496;1.811225634
Rat_office_Arron;Summer workdays;99.21;0.793650794;0.584149081;2.874803098
Rat_office_Arron;Winter weekends;2;0;0;1.960620871
Rat_office_Arron;Winter workdays;87.5;3.846153846;3.917065231;3.539830964
Rat_office_Avis;Summer weekends;90.38;5.737704918;8.196706629;1.909287951
Rat_office_Avis;Summer workdays;70.63;3.968253968;3.94459352;3.443359086
Rat_office_Avis;Winter weekends;90;4;6.541994568;1.982816929
Rat_office_Avis;Winter workdays;68.03;0;0;3.558965948
Rat_office_Chris;Summer weekends;78.85;5.737704918;10.16525908;2.840095692
Rat_office_Chris;Summer workdays;54.76;5.555555556;5.145344806;4.42089301
Rat_office_Chris;Winter weekends;50;6;11.64616892;2.986353194
Rat_office_Chris;Winter workdays;49.18;1.923076923;2.28008435;3.819322642
Rat_office_Craig;Summer weekends;88.46;4.098360656;5.111194602;0.86571548
Rat_office_Craig;Summer workdays;38.1;5.555555556;4.508787671;3.087396325
Rat_office_Craig;Winter weekends;98;6;7.821562762;0.860737862
Rat_office_Craig;Winter workdays;2.46;3.846153846;4.631661971;2.66419546
Rat_office_Jacinta;Summer weekends;26.92;0;0;1.905621246
Rat_office_Jacinta;Summer workdays;16;4.8;6.641213797;3.153052962
Rat_office_Jacinta;Winter weekends;0;0;0;2.207235679
Rat_office_Jacinta;Winter workdays;0;3.846153846;5.825538431;3.441515712
Rat_office_Jamal;Summer weekends;50;7.37704918;11.88519652;4.904950999
Rat_office_Jamal;Summer workdays;81.75;3.968253968;3.987662979;4.176806268
Rat_office_Jamal;Winter weekends;62;8;12.07815339;5.097340961
Rat_office_Jamal;Winter workdays;83.61;0;0;4.85195449
Rat_office_Jeannie;Summer weekends;84.62;1.639344262;2.774027289;7.526193472
Rat_office_Jeannie;Summer workdays;90.48;0;0;4.138665302
Rat_office_Jeannie;Winter weekends;70;4;7.784626441;10.08198447
Rat_office_Jeannie;Winter workdays;76.23;0;0;5.030560573
Rat_office_Jessica;Summer weekends;13.46;5.405405405;7.303443113;1.263080904
Rat_office_Jessica;Summer workdays;100;3.174603175;3.270758866;3.305548271
Rat_office_Jessica;Winter weekends;0;6;9.028477814;1.226647556
Rat_office_Jessica;Winter workdays;99.1;1.923076923;2.46581362;2.848509497
Rat_office_Jill;Summer weekends;84.62;4.098360656;5.647467526;5.546335014
Rat_office_Jill;Summer workdays;88.89;3.174603175;3.693128853;4.923404848
Rat_office_Jill;Winter weekends;36;2;1.125158876;5.957803644
Rat_office_Jill;Winter workdays;59.02;9.615384615;8.805235765;6.00747785
Rat_office_Kasey;Summer weekends;96.15;0.819672131;1.152056404;6.955117715
Rat_office_Kasey;Summer workdays;80.95;0;0;3.83342523
Rat_office_Kasey;Winter weekends;100;0;0;5.142250415
Rat_office_Kasey;Winter workdays;35.25;1.923076923;1.646020125;3.250211877
Rat_office_Lora;Summer weekends;55.77;4.761904762;5.322758537;3.882547785
Rat_office_Lora;Summer workdays;55.56;0.925925926;1.507300087;3.662044713
Rat_office_Lora;Winter weekends;60;6;8.444069174;4.437047523
Rat_office_Lora;Winter workdays;10.48;0;0;8.505155355
Rat_office_Loyd;Summer weekends;48.08;4.310344828;4.374521398;1.080447471
Rat_office_Loyd;Summer workdays;0.83;5.785123967;8.184010409;5.55447533
Rat_office_Loyd;Winter weekends;24;8;7.776687204;1.319681451
Rat_office_Loyd;Winter workdays;0;0;0;8.477613254
Rat_office_Mei;Summer weekends;65.38;4.918032787;6.642045436;4.179071346
Rat_office_Mei;Summer workdays;56.35;3.968253968;3.413237391;3.797295141
Rat_office_Mei;Winter weekends;30;4;4.77721673;4.225757497
Rat_office_Mei;Winter workdays;36.89;3.846153846;2.571347838;3.427535502
Rat_office_Olivia;Summer weekends;0;3.278688525;4.174403518;3.561127514
Rat_office_Olivia;Summer workdays;1.59;1.587301587;1.400214009;7.389870675
Rat_office_Olivia;Winter weekends;0;6;10.70259815;3.18037244
Rat_office_Olivia;Winter workdays;0;1.923076923;0.597952884;8.398005013
Rat_office_Ramiro;Summer weekends;46.15;0.819672131;0.266513682;8.942338775
Rat_office_Ramiro;Summer workdays;100;5.785123967;6.532482643;1.172682048
Rat_office_Ramiro;Winter weekends;90;0;0;7.665501324
Rat_office_Ramiro;Winter workdays;88.52;0;0;2.017579209
Rat_office_Randy;Summer weekends;32.69;3.278688525;5.817049699;7.476793951
Rat_office_Randy;Summer workdays;33.33;3.968253968;3.806202107;2.557503566
Rat_office_Randy;Winter weekends;2;0;0;6.110936278
Rat_office_Randy;Winter workdays;0.82;1.923076923;2.373460573;2.563063818
Rat_office_Ronald;Summer weekends;30.77;5.737704918;4.689457099;3.868641126
Rat_office_Ronald;Summer workdays;90.48;1.587301587;0.950416089;4.100892107
Rat_office_Ronald;Winter weekends;34;4;6.512608907;4.351930907
Rat_office_Ronald;Winter workdays;83.61;1.923076923;2.999318718;4.342529681
Rat_office_Rosemary;Summer weekends;88.46;2.459016393;2.543863751;6.065603983
Rat_office_Rosemary;Summer workdays;99.21;3.968253968;6.331934532;1.902142573
Rat_office_Rosemary;Winter weekends;84;2;3.873607607;6.352940651
Rat_office_Rosemary;Winter workdays;97.54;1.923076923;2.258862182;1.520009412
Rat_office_Tracy;Summer weekends;71.15;4.918032787;4.415342272;4.826237991
Rat_office_Tracy;Summer workdays;53.17;3.968253968;4.829358618;5.539296832
Rat_office_Tracy;Winter weekends;44;0;0;4.544994704
Rat_office_Tracy;Winter workdays;48.36;0;0;4.743940565
Robin_office_Addie;Summer weekends;96.23;5.737704918;4.506912048;3.917002458
Robin_office_Addie;Summer workdays;93.39;3.305785124;3.554422785;3.507843032
Robin_office_Addie;Winter weekends;78.43;0;0;5.228633689
Robin_office_Addie;Winter workdays;96.72;1.886792453;1.280551602;3.953749213
Robin_office_Adolph;Summer weekends;86.79;4.237288136;4.544638587;3.153758475
Robin_office_Adolph;Summer workdays;90.91;4.132231405;4.480783765;1.86044753
Robin_office_Adolph;Winter weekends;21.57;0;0;4.277454102
Robin_office_Adolph;Winter workdays;94.07;0;0;2.076765692
Robin_office_Antonina;Summer weekends;92.45;3.361344538;3.436370401;0.512370619
Robin_office_Antonina;Summer workdays;100;3.305785124;3.573601084;1.130878455
Robin_office_Antonina;Winter weekends;100;3.921568627;4.111980733;0.567421344
Robin_office_Antonina;Winter workdays;100;0;0;4.118601133
Robin_office_Dina;Summer weekends;100;0.840336134;0.79160102;1.10702129
Robin_office_Dina;Summer workdays;99.18;3.278688525;3.478544616;1.344191017
Robin_office_Dina;Winter weekends;96.08;3.921568627;4.468004022;1.11365666
Robin_office_Dina;Winter workdays;100;3.773584906;4.535582051;1.076314051
Robin_office_Donald;Summer weekends;100;0.833333333;0.965136999;2.069994116
Robin_office_Donald;Summer workdays;99.19;0.806451613;1.080357278;1.910563015
Robin_office_Donald;Winter weekends;94.12;1.960784314;2.482087882;2.113502267
Robin_office_Donald;Winter workdays;100;1.886792453;2.134031724;1.860221377
Robin_office_Gayle;Summer weekends;75.47;4.273504274;4.208399123;1.319030359
Robin_office_Gayle;Summer workdays;81.82;4.958677686;5.548075864;1.788375466
Robin_office_Gayle;Winter weekends;19.61;5.882352941;4.388289352;1.595729468
Robin_office_Gayle;Winter workdays;93.16;0;0;1.805597609
Robin_office_Lindsay;Summer weekends;98.11;0.854700855;0.905285456;1.074411384
Robin_office_Lindsay;Summer workdays;100;1.639344262;1.777042101;2.021287719
Robin_office_Lindsay;Winter weekends;82.35;0;0;1.114974723
Robin_office_Lindsay;Winter workdays;100;0;0;2.453350809
Robin_office_Maryann;Summer weekends;100;2.479338843;2.433570917;1.433739162
Robin_office_Maryann;Summer workdays;100;4.237288136;4.61585174;1.268850786
Robin_office_Maryann;Winter weekends;100;3.921568627;4.329805823;1.695608413
Robin_office_Maryann;Winter workdays;99.17;1.886792453;1.61213634;2.080220673
Robin_office_Sammie;Summer weekends;81.13;3.305785124;3.160548099;3.316552588
Robin_office_Sammie;Summer workdays;97.58;0.806451613;0.895188155;1.976287129
Robin_office_Sammie;Winter weekends;31.37;1.960784314;1.490560135;4.029782113
Robin_office_Sammie;Winter workdays;99.17;0;0;2.317551684
Robin_office_Saul;Summer weekends;64.15;6.451612903;11.58899397;2.226667697
Robin_office_Saul;Summer workdays;84.55;5.691056911;8.383870715;2.224759823
Robin_office_Saul;Winter weekends;60.78;7.843137255;16.3118934;2.112210242
Robin_office_Saul;Winter workdays;81.45;0;0;1.634346455
Robin_office_Serena;Summer weekends;79.25;4.958677686;4.777649273;1.391908352
Robin_office_Serena;Summer workdays;37.9;2.419354839;3.382740274;3.732893476
Robin_office_Serena;Winter weekends;50.98;1.960784314;2.5808334;1.856745753
Robin_office_Serena;Winter workdays;82.64;0;0;4.66313223
Robin_office_Soledad;Summer weekends;52.83;0.81300813;1.13624196;3.430586152
Robin_office_Soledad;Summer workdays;65.32;1.612903226;2.287533539;3.273990464
Robin_office_Soledad;Winter weekends;29.41;0;0;2.830890976
Robin_office_Soledad;Winter workdays;45.53;1.886792453;2.017399876;2.091385715
Robin_office_Victor;Summer weekends;100;3.361344538;3.160187876;1.071812951
Robin_office_Victor;Summer workdays;77.42;4.838709677;4.925814542;1.179603356
Robin_office_Victor;Winter weekends;100;3.921568627;4.734240942;0.798193859
Robin_office_Victor;Winter workdays;80.67;5.660377358;7.061507578;1.059526763
Robin_office_Zelma;Summer weekends;100;2.542372881;2.157970968;0.913242306
Robin_office_Zelma;Summer workdays;100;0.826446281;0.697230395;2.258630279
Robin_office_Zelma;Winter weekends;50.98;11.76470588;10.02820528;1.058123069
Robin_office_Zelma;Winter workdays;95.76;0;0;2.706122845
Wolf_office_Bobbie;Summer weekends;70.59;1.886792453;1.494725538;1.325150281
Wolf_office_Bobbie;Summer workdays;83.18;0;0;1.35887796
Wolf_office_Bobbie;Winter weekends;72.55;1.960784314;3.059676492;1.445679937
Wolf_office_Bobbie;Winter workdays;62.26;0;0;1.177472078
Wolf_office_Cary;Summer weekends;72.55;3.703703704;3.285910689;0.921453496
Wolf_office_Cary;Summer workdays;100;2.803738318;2.732199823;1.549338474
Wolf_office_Cary;Winter weekends;66.67;1.960784314;2.37987296;1.123791393
Wolf_office_Cary;Winter workdays;100;0;0;4.816828518
Wolf_office_Darleen;Summer weekends;62.75;3.80952381;3.65341729;1.009349473
Wolf_office_Darleen;Summer workdays;89.72;3.738317757;3.711402148;0.919898769
Wolf_office_Darleen;Winter weekends;66.67;3.921568627;5.794552398;1.214881553
Wolf_office_Darleen;Winter workdays;61.9;0;0;1.134604328
Wolf_office_Elisabeth;Summer weekends;100;3.125;3.098040857;0.738233718
Wolf_office_Elisabeth;Summer workdays;75.81;2.419354839;2.236618813;0.653991016
Wolf_office_Elisabeth;Winter weekends;100;1.960784314;2.25983024;0.76598588
Wolf_office_Elisabeth;Winter workdays;72.66;3.921568627;4.31766766;0.619508258
Wolf_office_Emanuel;Summer weekends;3.92;5.46875;6.026950768;2.268528054
Wolf_office_Emanuel;Summer workdays;83.74;2.43902439;3.475649274;2.202700519
Wolf_office_Emanuel;Winter weekends;13.73;3.921568627;6.308149181;2.446730495
Wolf_office_Emanuel;Winter workdays;73.44;0;0;2.722640942
Wolf_office_Haydee;Summer weekends;3.92;3.90625;5.690922248;3.603380192
Wolf_office_Haydee;Summer workdays;4.84;5.64516129;9.454386823;3.696705487
Wolf_office_Haydee;Winter weekends;11.76;0;0;4.55532251
Wolf_office_Haydee;Winter workdays;3.12;3.921568627;8.287964949;5.313171859
Wolf_office_Joana;Summer weekends;11.76;2.4;2.376584805;2.66247478
Wolf_office_Joana;Summer workdays;43.9;1.62601626;2.615612298;3.257938532
Wolf_office_Joana;Winter weekends;1.96;5.882352941;8.064693461;2.738232231
Wolf_office_Joana;Winter workdays;38.4;0;0;3.080117412
Wolf_office_Nadia;Summer weekends;68.63;3.669724771;4.412268804;1.427631251
Wolf_office_Nadia;Summer workdays;99.05;2.857142857;3.066619215;1.174467947
Wolf_office_Nadia;Winter weekends;72.55;3.921568627;5.198193916;1.173620859
Wolf_office_Nadia;Winter workdays;92.66;0;0;1.2098939
Wolf_office_Rochelle;Summer weekends;39.22;4.587155963;3.143880023;2.637838751
Wolf_office_Rochelle;Summer workdays;13.08;7.476635514;8.65059044;5.061464052
Wolf_office_Rochelle;Winter weekends;17.65;5.882352941;10.30704295;3.110831072
Wolf_office_Rochelle;Winter workdays;17.43;0;0;12.62298513
